Date,Price,Predicted Signal,Confidence,Sentiment,Action,Portfolio Value,Reason
2022-04-05,171.52108764648438,Buy,0.48698776960372925,0.0,Buy,9990.0,Model signals Buy (conf: 0.49) & sentiment is ok (0.00).
2022-04-06,168.3563690185547,Buy,0.48698776960372925,0.0,Buy,9805.675497824623,Model signals Buy (conf: 0.49) & sentiment is ok (0.00).
2022-04-07,168.66009521484375,Buy,0.48698776960372925,0.0,Buy,9823.365594958226,Model signals Buy (conf: 0.49) & sentiment is ok (0.00).
2022-04-08,166.6515350341797,Buy,0.48698776960372925,0.0,Buy,9706.379885036713,Model signals Buy (conf: 0.49) & sentiment is ok (0.00).
2022-04-11,162.39926147460938,Buy,0.4869878888130188,0.0,Buy,9458.71230408211,Model signals Buy (conf: 0.49) & sentiment is ok (0.00).
2022-04-12,164.2707061767578,Buy,0.4869878888130188,0.0,Buy,9567.711919412184,Model signals Buy (conf: 0.49) & sentiment is ok (0.00).
2022-04-13,166.95530700683594,Buy,0.4869878888130188,0.0,Buy,9724.072648349238,Model signals Buy (conf: 0.49) & sentiment is ok (0.00).
2022-04-14,161.9485626220703,Buy,0.4869878888130188,0.0,Buy,9432.461995162981,Model signals Buy (conf: 0.49) & sentiment is ok (0.00).
2022-04-18,161.73301696777344,Buy,0.4869878888130188,0.0,Buy,9419.90784735543,Model signals Buy (conf: 0.49) & sentiment is ok (0.00).
2022-04-19,164.01589965820312,Buy,0.4869878888130188,0.0,Buy,9552.871078817658,Model signals Buy (conf: 0.49) & sentiment is ok (0.00).
2022-04-20,163.84938049316406,Buy,0.4869878888130188,0.0,Buy,9543.17240863333,Model signals Buy (conf: 0.49) & sentiment is ok (0.00).
2022-04-21,163.0557403564453,Buy,0.4869878888130188,0.0,Buy,9496.947975972542,Model signals Buy (conf: 0.49) & sentiment is ok (0.00).
2022-04-22,158.51931762695312,Buy,0.4869878888130188,0.0,Buy,9232.730533735748,Model signals Buy (conf: 0.49) & sentiment is ok (0.00).
2022-04-25,159.58729553222656,Buy,0.4869878888130188,0.0,Buy,9294.93337666356,Model signals Buy (conf: 0.49) & sentiment is ok (0.00).
2022-04-26,153.6302032470703,Buy,0.4869878888130188,0.0,Buy,8947.971071647353,Model signals Buy (conf: 0.49) & sentiment is ok (0.00).
2022-04-27,153.40487670898438,Buy,0.48698800802230835,0.0,Buy,8934.84725027725,Model signals Buy (conf: 0.49) & sentiment is ok (0.00).
2022-04-28,160.33192443847656,Buy,0.48698776960372925,0.0,Buy,9338.303220427431,Model signals Buy (conf: 0.49) & sentiment is ok (0.00).
2022-04-29,154.46302795410156,Buy,0.48698800802230835,0.0,Buy,8996.477753463587,Model signals Buy (conf: 0.49) & sentiment is ok (0.00).
2022-05-02,154.76678466796875,Buy,0.48698800802230835,0.0,Buy,9014.169628049804,Model signals Buy (conf: 0.49) & sentiment is ok (0.00).
2022-05-03,156.25604248046875,Buy,0.48698800802230835,0.0,Buy,9100.909315577548,Model signals Buy (conf: 0.49) & sentiment is ok (0.00).
2022-05-04,162.66384887695312,Buy,0.4869879484176636,0.0,Buy,9474.12281823919,Model signals Buy (conf: 0.49) & sentiment is ok (0.00).
2022-05-05,153.60081481933594,Buy,0.4869879484176636,0.0,Buy,8946.259384780771,Model signals Buy (conf: 0.49) & sentiment is ok (0.00).
2022-05-06,154.32691955566406,Buy,0.4869879484176636,0.0,Buy,8988.550314808386,Model signals Buy (conf: 0.49) & sentiment is ok (0.00).
2022-05-09,149.20494079589844,Buy,0.4869879484176636,0.0,Buy,8690.228000554409,Model signals Buy (conf: 0.49) & sentiment is ok (0.00).
2022-05-10,151.60894775390625,Buy,0.4869879484176636,0.0,Buy,8830.24594143872,Model signals Buy (conf: 0.49) & sentiment is ok (0.00).
2022-05-11,143.7493438720703,Buy,0.4869877099990845,0.0,Buy,8372.474574332125,Model signals Buy (conf: 0.49) & sentiment is ok (0.00).
2022-05-12,139.88331604003906,Buy,0.4869877099990845,0.0,Buy,8147.303322377416,Model signals Buy (conf: 0.49) & sentiment is ok (0.00).
2022-05-13,144.34788513183594,Buy,0.48698750138282776,0.0,Buy,8407.335752436258,Model signals Buy (conf: 0.49) & sentiment is ok (0.00).
2022-05-16,142.80738830566406,Buy,0.4869876205921173,0.0,Buy,8317.611721970827,Model signals Buy (conf: 0.49) & sentiment is ok (0.00).
2022-05-17,146.43789672851562,Buy,0.48698750138282776,0.0,Buy,8529.065483382597,Model signals Buy (conf: 0.49) & sentiment is ok (0.00).
2022-05-18,138.17601013183594,Buy,0.4869873821735382,0.0,Buy,8047.863735927833,Model signals Buy (conf: 0.49) & sentiment is ok (0.00).
2022-05-19,134.7711181640625,Buy,0.4869873821735382,0.0,Buy,7849.550681685993,Model signals Buy (conf: 0.49) & sentiment is ok (0.00).
2022-05-20,135.006591796875,Buy,0.4869873821735382,0.0,Buy,7863.265506050011,Model signals Buy (conf: 0.49) & sentiment is ok (0.00).
2022-05-23,140.42295837402344,Buy,0.4869873821735382,0.0,Buy,8178.734016937931,Model signals Buy (conf: 0.49) & sentiment is ok (0.00).
2022-05-24,137.72462463378906,Buy,0.48698756098747253,0.0,Buy,8021.573434324905,Model signals Buy (conf: 0.49) & sentiment is ok (0.00).
2022-05-25,137.88162231445312,Buy,0.48698756098747253,0.0,Buy,8030.717539293891,Model signals Buy (conf: 0.49) & sentiment is ok (0.00).
2022-05-26,141.0803985595703,Buy,0.48698756098747253,0.0,Buy,8217.025678585682,Model signals Buy (conf: 0.49) & sentiment is ok (0.00).
2022-05-27,146.8303680419922,Buy,0.486987441778183,0.0,Buy,8551.9244127156,Model signals Buy (conf: 0.49) & sentiment is ok (0.00).
2022-05-31,146.04537963867188,Buy,0.486987441778183,0.0,Buy,8506.203887870673,Model signals Buy (conf: 0.49) & sentiment is ok (0.00).
2022-06-01,145.91783142089844,Buy,0.486987441778183,0.0,Buy,8498.775024673498,Model signals Buy (conf: 0.49) & sentiment is ok (0.00).
2022-06-02,148.37086486816406,Buy,0.486987441778183,0.0,Buy,8641.648443181031,Model signals Buy (conf: 0.49) & sentiment is ok (0.00).
2022-06-03,142.65036010742188,Buy,0.4869876801967621,0.0,Buy,8308.465839549228,Model signals Buy (conf: 0.49) & sentiment is ok (0.00).
2022-06-06,143.39610290527344,Buy,0.4869876801967621,0.0,Buy,8351.900560333484,Model signals Buy (conf: 0.49) & sentiment is ok (0.00).
2022-06-07,145.91783142089844,Buy,0.4869876205921173,0.0,Buy,8498.775024673498,Model signals Buy (conf: 0.49) & sentiment is ok (0.00).
2022-06-08,145.18191528320312,Buy,0.4869876801967621,0.0,Buy,8455.912643630714,Model signals Buy (conf: 0.49) & sentiment is ok (0.00).
2022-06-09,139.96182250976562,Buy,0.48698756098747253,0.0,Buy,8151.8758192250625,Model signals Buy (conf: 0.49) & sentiment is ok (0.00).
2022-06-10,134.55523681640625,Buy,0.48698756098747253,0.0,Buy,7836.9769818996965,Model signals Buy (conf: 0.49) & sentiment is ok (0.00).
2022-06-13,129.40383911132812,Buy,0.48698756098747253,0.0,Buy,7536.941203326523,Model signals Buy (conf: 0.49) & sentiment is ok (0.00).
2022-06-14,130.26731872558594,Buy,0.48698756098747253,0.0,Buy,7587.233336292789,Model signals Buy (conf: 0.49) & sentiment is ok (0.00).
2022-06-15,132.8871612548828,Buy,0.48698756098747253,0.0,Buy,7739.822310784476,Model signals Buy (conf: 0.49) & sentiment is ok (0.00).
2022-06-16,127.61800384521484,Buy,0.48698756098747253,0.0,Buy,7432.927786939833,Model signals Buy (conf: 0.49) & sentiment is ok (0.00).
2022-06-17,129.08985900878906,Buy,0.48698756098747253,0.0,Buy,7518.653882114859,Model signals Buy (conf: 0.49) & sentiment is ok (0.00).
2022-06-21,133.31893920898438,Buy,0.48698756098747253,0.0,Buy,7764.970599083375,Model signals Buy (conf: 0.49) & sentiment is ok (0.00).
2022-06-22,132.80868530273438,Buy,0.48698756098747253,0.0,Buy,7735.251591389443,Model signals Buy (conf: 0.49) & sentiment is ok (0.00).
2022-06-23,135.67384338378906,Buy,0.48698756098747253,0.0,Buy,7902.128618712929,Model signals Buy (conf: 0.49) & sentiment is ok (0.00).
2022-06-24,139.00022888183594,Buy,0.48698756098747253,0.0,Buy,8095.869176107122,Model signals Buy (conf: 0.49) & sentiment is ok (0.00).
2022-06-27,139.00022888183594,Buy,0.48698756098747253,0.0,Buy,8095.869176107122,Model signals Buy (conf: 0.49) & sentiment is ok (0.00).
2022-06-28,134.85943603515625,Buy,0.48698756098747253,0.0,Buy,7854.694629548806,Model signals Buy (conf: 0.49) & sentiment is ok (0.00).
2022-06-29,136.61581420898438,Buy,0.48698756098747253,0.0,Buy,7956.992359800533,Model signals Buy (conf: 0.49) & sentiment is ok (0.00).
2022-06-30,134.1529541015625,Buy,0.48698756098747253,0.0,Buy,7813.546601551526,Model signals Buy (conf: 0.49) & sentiment is ok (0.00).
2022-07-01,136.3214569091797,Buy,0.48698756098747253,0.0,Buy,7939.847940619205,Model signals Buy (conf: 0.49) & sentiment is ok (0.00).
2022-07-05,138.9020538330078,Buy,0.48698756098747253,0.0,Buy,8090.1511110502215,Model signals Buy (conf: 0.49) & sentiment is ok (0.00).
2022-07-06,140.23655700683594,Buy,0.48698756098747253,0.0,Buy,8167.877336376057,Model signals Buy (conf: 0.49) & sentiment is ok (0.00).
2022-07-07,143.60214233398438,Buy,0.4869876205921173,0.0,Buy,8363.901031652002,Model signals Buy (conf: 0.49) & sentiment is ok (0.00).
2022-07-08,144.2791748046875,Buy,0.4869876205921173,0.0,Buy,8403.333817877472,Model signals Buy (conf: 0.49) & sentiment is ok (0.00).
2022-07-11,142.14993286132812,Buy,0.4869876801967621,0.0,Buy,8279.31917159677,Model signals Buy (conf: 0.49) & sentiment is ok (0.00).
2022-07-12,143.121337890625,Buy,0.4869876801967621,0.0,Buy,8335.897265729878,Model signals Buy (conf: 0.49) & sentiment is ok (0.00).
2022-07-13,142.75828552246094,Buy,0.48698756098747253,0.0,Buy,8314.751800716069,Model signals Buy (conf: 0.49) & sentiment is ok (0.00).
2022-07-14,145.68234252929688,Buy,0.4869876205921173,0.0,Buy,8485.059311583173,Model signals Buy (conf: 0.49) & sentiment is ok (0.00).
2022-07-15,147.35043334960938,Buy,0.4869876205921173,0.0,Buy,8582.2148714247,Model signals Buy (conf: 0.49) & sentiment is ok (0.00).
2022-07-18,144.30862426757812,Buy,0.4869876205921173,0.0,Buy,8405.049059649282,Model signals Buy (conf: 0.49) & sentiment is ok (0.00).
2022-07-19,148.16482543945312,Buy,0.4869876801967621,0.0,Buy,8629.647971862516,Model signals Buy (conf: 0.49) & sentiment is ok (0.00).
2022-07-20,150.16656494140625,Buy,0.4869876801967621,0.0,Buy,8746.236421124962,Model signals Buy (conf: 0.49) & sentiment is ok (0.00).
2022-07-21,152.4331817626953,Buy,0.4869876801967621,0.0,Buy,8878.252270344316,Model signals Buy (conf: 0.49) & sentiment is ok (0.00).
2022-07-22,151.19680786132812,Buy,0.4869879484176636,0.0,Buy,8806.24144389646,Model signals Buy (conf: 0.49) & sentiment is ok (0.00).
2022-07-25,150.07821655273438,Buy,0.4869877099990845,0.0,Buy,8741.090695809535,Model signals Buy (conf: 0.49) & sentiment is ok (0.00).
2022-07-26,148.75355529785156,Buy,0.4869877099990845,0.0,Buy,8663.93769895148,Model signals Buy (conf: 0.49) & sentiment is ok (0.00).
2022-07-27,153.8461151123047,Buy,0.4869879484176636,0.0,Buy,8960.546548886263,Model signals Buy (conf: 0.49) & sentiment is ok (0.00).
2022-07-28,154.3956298828125,Buy,0.4869879484176636,0.0,Buy,8992.552249367172,Model signals Buy (conf: 0.49) & sentiment is ok (0.00).
2022-07-29,159.45872497558594,Buy,0.48698776960372925,0.0,Buy,9287.444968803838,Model signals Buy (conf: 0.49) & sentiment is ok (0.00).
2022-08-01,158.4774932861328,Buy,0.48698776960372925,0.0,Buy,9230.294534929257,Model signals Buy (conf: 0.49) & sentiment is ok (0.00).
2022-08-02,157.00564575195312,Buy,0.4869879484176636,0.0,Buy,9144.568884117385,Model signals Buy (conf: 0.49) & sentiment is ok (0.00).
2022-08-03,163.01075744628906,Buy,0.48698776960372925,0.0,Buy,9494.328010820576,Model signals Buy (conf: 0.49) & sentiment is ok (0.00).
2022-08-04,162.69676208496094,Buy,0.48698776960372925,0.0,Buy,9476.039800882605,Model signals Buy (conf: 0.49) & sentiment is ok (0.00).
2022-08-05,162.4707794189453,Buy,0.48698776960372925,0.0,Buy,9462.877764281317,Model signals Buy (conf: 0.49) & sentiment is ok (0.00).
2022-08-08,161.99913024902344,Buy,0.48698776960372925,0.0,Buy,9435.407234143175,Model signals Buy (conf: 0.49) & sentiment is ok (0.00).
2022-08-09,162.0482177734375,Buy,0.48698776960372925,0.0,Buy,9438.266266671624,Model signals Buy (conf: 0.49) & sentiment is ok (0.00).
2022-08-10,166.29306030273438,Buy,0.48698776960372925,0.0,Buy,9685.501037914897,Model signals Buy (conf: 0.49) & sentiment is ok (0.00).
2022-08-11,165.55609130859375,Buy,0.48698776960372925,0.0,Buy,9642.577334756956,Model signals Buy (conf: 0.49) & sentiment is ok (0.00).
2022-08-12,169.10321044921875,Buy,0.4869881868362427,0.0,Buy,9849.174206902957,Model signals Buy (conf: 0.49) & sentiment is ok (0.00).
2022-08-15,170.1742401123047,Buy,0.4869881868362427,0.0,Buy,9911.554795092095,Model signals Buy (conf: 0.49) & sentiment is ok (0.00).
2022-08-16,170.01702880859375,Buy,0.48698776960372925,0.0,Buy,9902.398247954818,Model signals Buy (conf: 0.49) & sentiment is ok (0.00).
2022-08-17,171.5105743408203,Buy,0.4869881868362427,0.0,Buy,9989.387667574727,Model signals Buy (conf: 0.49) & sentiment is ok (0.00).
2022-08-18,171.11752319335938,Buy,0.48698776960372925,0.0,Buy,9966.494966642073,Model signals Buy (conf: 0.49) & sentiment is ok (0.00).
2022-08-19,168.53335571289062,Buy,0.48698776960372925,0.0,Buy,9815.983834255301,Model signals Buy (conf: 0.49) & sentiment is ok (0.00).
2022-08-22,164.65213012695312,Buy,0.48698776960372925,0.0,Buy,9589.927410899183,Model signals Buy (conf: 0.49) & sentiment is ok (0.00).
2022-08-23,164.31802368164062,Buy,0.48698776960372925,0.0,Buy,9570.467859689064,Model signals Buy (conf: 0.49) & sentiment is ok (0.00).
2022-08-24,164.61279296875,Buy,0.48698776960372925,0.0,Buy,9587.636274480674,Model signals Buy (conf: 0.49) & sentiment is ok (0.00).
2022-08-25,167.0692901611328,Buy,0.48698776960372925,0.0,Buy,9730.711433859813,Model signals Buy (conf: 0.49) & sentiment is ok (0.00).
2022-08-26,160.77085876464844,Buy,0.4869878888130188,0.0,Buy,9363.868321364143,Model signals Buy (conf: 0.49) & sentiment is ok (0.00).
2022-08-29,158.56988525390625,Buy,0.4869878888130188,0.0,Buy,9235.675772715942,Model signals Buy (conf: 0.49) & sentiment is ok (0.00).
2022-08-30,156.1429443359375,Buy,0.4869878888130188,0.0,Buy,9094.322076192757,Model signals Buy (conf: 0.49) & sentiment is ok (0.00).
2022-08-31,154.48231506347656,Buy,0.4869878888130188,0.0,Buy,8997.601103515175,Model signals Buy (conf: 0.49) & sentiment is ok (0.00).
2022-09-01,155.20945739746094,Buy,0.48698756098747253,0.0,Buy,9039.952466931642,Model signals Buy (conf: 0.49) & sentiment is ok (0.00).
2022-09-02,153.09686279296875,Buy,0.4869876801967621,0.0,Buy,8916.90742105148,Model signals Buy (conf: 0.49) & sentiment is ok (0.00).
2022-09-06,151.83917236328125,Buy,0.48698750138282776,0.0,Buy,8843.655043953253,Model signals Buy (conf: 0.49) & sentiment is ok (0.00).
2022-09-07,153.2442626953125,Buy,0.48698750138282776,0.0,Buy,8925.49251717359,Model signals Buy (conf: 0.49) & sentiment is ok (0.00).
2022-09-08,151.77040100097656,Buy,0.48698750138282776,0.0,Buy,8839.649554489242,Model signals Buy (conf: 0.49) & sentiment is ok (0.00).
2022-09-09,154.62969970703125,Buy,0.48698750138282776,0.0,Buy,9006.18531091098,Model signals Buy (conf: 0.49) & sentiment is ok (0.00).
2022-09-12,160.5841827392578,Buy,0.48698776960372925,0.0,Buy,9352.995643728751,Model signals Buy (conf: 0.49) & sentiment is ok (0.00).
2022-09-13,151.16119384765625,Buy,0.48698800802230835,0.0,Buy,8804.16715669677,Model signals Buy (conf: 0.49) & sentiment is ok (0.00).
2022-09-14,152.60557556152344,Buy,0.48698800802230835,0.0,Buy,8888.293100156698,Model signals Buy (conf: 0.49) & sentiment is ok (0.00).
2022-09-15,149.71678161621094,Buy,0.48698800802230835,0.0,Buy,8720.03943578423,Model signals Buy (conf: 0.49) & sentiment is ok (0.00).
2022-09-16,148.0758514404297,Buy,0.48698800802230835,0.0,Buy,8624.465808768517,Model signals Buy (conf: 0.49) & sentiment is ok (0.00).
2022-09-19,151.7900390625,Buy,0.4869876205921173,0.0,Buy,8840.793345245884,Model signals Buy (conf: 0.49) & sentiment is ok (0.00).
2022-09-20,154.1679229736328,Buy,0.4869877099990845,0.0,Buy,8979.289786693233,Model signals Buy (conf: 0.49) & sentiment is ok (0.00).
2022-09-21,151.0432891845703,Buy,0.4869877099990845,0.0,Buy,8797.299968525389,Model signals Buy (conf: 0.49) & sentiment is ok (0.00).
2022-09-22,150.08033752441406,Buy,0.4869877099990845,0.0,Buy,8741.214228766157,Model signals Buy (conf: 0.49) & sentiment is ok (0.00).
2022-09-23,147.81056213378906,Buy,0.4869876205921173,0.0,Buy,8609.01441320133,Model signals Buy (conf: 0.49) & sentiment is ok (0.00).
2022-09-26,148.1446533203125,Buy,0.4869876205921173,0.0,Buy,8628.473075685142,Model signals Buy (conf: 0.49) & sentiment is ok (0.00).
2022-09-27,149.11741638183594,Buy,0.4869876205921173,0.0,Buy,8685.13026645954,Model signals Buy (conf: 0.49) & sentiment is ok (0.00).
2022-09-28,147.2308349609375,Buy,0.4869876205921173,0.0,Buy,8575.249034633282,Model signals Buy (conf: 0.49) & sentiment is ok (0.00).
2022-09-29,139.99899291992188,Buy,0.48698750138282776,0.0,Buy,8154.0407565080295,Model signals Buy (conf: 0.49) & sentiment is ok (0.00).
2022-09-30,135.79351806640625,Buy,0.48698750138282776,0.0,Buy,7909.098899135881,Model signals Buy (conf: 0.49) & sentiment is ok (0.00).
2022-10-03,139.96951293945312,Buy,0.48698750138282776,0.0,Buy,8152.323737283607,Model signals Buy (conf: 0.49) & sentiment is ok (0.00).
2022-10-04,143.55593872070312,Buy,0.48698750138282776,0.0,Buy,8361.209968395504,Model signals Buy (conf: 0.49) & sentiment is ok (0.00).
2022-10-05,143.85072326660156,Buy,0.48698750138282776,0.0,Buy,8378.37927191342,Model signals Buy (conf: 0.49) & sentiment is ok (0.00).
2022-10-06,142.89764404296875,Buy,0.48698750138282776,0.0,Buy,8322.868538074583,Model signals Buy (conf: 0.49) & sentiment is ok (0.00).
2022-10-07,137.6505889892578,Buy,0.48698756098747253,0.0,Buy,8017.261334285104,Model signals Buy (conf: 0.49) & sentiment is ok (0.00).
2022-10-10,137.97486877441406,Buy,0.48698756098747253,0.0,Buy,8036.148545753747,Model signals Buy (conf: 0.49) & sentiment is ok (0.00).
2022-10-11,136.55996704101562,Buy,0.48698756098747253,0.0,Buy,7953.739621518243,Model signals Buy (conf: 0.49) & sentiment is ok (0.00).
2022-10-12,135.93109130859375,Buy,0.48698756098747253,0.0,Buy,7917.111655516517,Model signals Buy (conf: 0.49) & sentiment is ok (0.00).
2022-10-13,140.50010681152344,Buy,0.48698756098747253,0.0,Buy,8183.227417144287,Model signals Buy (conf: 0.49) & sentiment is ok (0.00).
2022-10-14,135.97042846679688,Buy,0.48698756098747253,0.0,Buy,7919.4027919350265,Model signals Buy (conf: 0.49) & sentiment is ok (0.00).
2022-10-17,139.9302215576172,Buy,0.48698756098747253,0.0,Buy,8150.035267044018,Model signals Buy (conf: 0.49) & sentiment is ok (0.00).
2022-10-18,141.2468719482422,Buy,0.48698756098747253,0.0,Buy,8226.721682591087,Model signals Buy (conf: 0.49) & sentiment is ok (0.00).
2022-10-19,141.35498046875,Buy,0.48698756098747253,0.0,Buy,8233.018308473609,Model signals Buy (conf: 0.49) & sentiment is ok (0.00).
2022-10-20,140.89315795898438,Buy,0.48698756098747253,0.0,Buy,8206.120118076942,Model signals Buy (conf: 0.49) & sentiment is ok (0.00).
2022-10-21,144.70559692382812,Buy,0.4869873821735382,0.0,Buy,8428.170163242743,Model signals Buy (conf: 0.49) & sentiment is ok (0.00).
2022-10-24,146.84764099121094,Buy,0.4869876205921173,0.0,Buy,8552.930450894713,Model signals Buy (conf: 0.49) & sentiment is ok (0.00).
2022-10-25,149.6873016357422,Buy,0.48698750138282776,0.0,Buy,8718.32241655981,Model signals Buy (conf: 0.49) & sentiment is ok (0.00).
2022-10-26,146.74937438964844,Buy,0.48698750138282776,0.0,Buy,8547.207053479973,Model signals Buy (conf: 0.49) & sentiment is ok (0.00).
2022-10-27,142.2786102294922,Buy,0.4869876205921173,0.0,Buy,8286.813800540638,Model signals Buy (conf: 0.49) & sentiment is ok (0.00).
2022-10-28,153.02810668945312,Buy,0.4869876801967621,0.0,Buy,8912.902820313775,Model signals Buy (conf: 0.49) & sentiment is ok (0.00).
2022-10-31,150.66990661621094,Buy,0.4869876801967621,0.0,Buy,8775.552835801987,Model signals Buy (conf: 0.49) & sentiment is ok (0.00).
2022-11-01,148.0267333984375,Buy,0.4869876801967621,0.0,Buy,8621.604998787454,Model signals Buy (conf: 0.49) & sentiment is ok (0.00).
2022-11-02,142.5045928955078,Buy,0.4869876801967621,0.0,Buy,8299.975837141927,Model signals Buy (conf: 0.49) & sentiment is ok (0.00).
2022-11-03,136.461669921875,Buy,0.4869876801967621,0.0,Buy,7948.01444665089,Model signals Buy (conf: 0.49) & sentiment is ok (0.00).
2022-11-04,136.19598388671875,Buy,0.4869876801967621,0.0,Buy,7932.539944199731,Model signals Buy (conf: 0.49) & sentiment is ok (0.00).
2022-11-07,136.72738647460938,Buy,0.486987441778183,0.0,Buy,7963.490726554662,Model signals Buy (conf: 0.49) & sentiment is ok (0.00).
2022-11-08,137.29827880859375,Buy,0.4869876801967621,0.0,Buy,7996.741532591168,Model signals Buy (conf: 0.49) & sentiment is ok (0.00).
2022-11-09,132.74134826660156,Buy,0.48698756098747253,0.0,Buy,7731.329642198255,Model signals Buy (conf: 0.49) & sentiment is ok (0.00).
2022-11-10,144.5519256591797,Buy,0.4869876801967621,0.0,Buy,8419.219800608604,Model signals Buy (conf: 0.49) & sentiment is ok (0.00).
2022-11-11,147.3372802734375,Buy,0.4869876801967621,0.0,Buy,8581.44878934838,Model signals Buy (conf: 0.49) & sentiment is ok (0.00).
2022-11-14,145.939697265625,Buy,0.4869876801967621,0.0,Buy,8500.048569470908,Model signals Buy (conf: 0.49) & sentiment is ok (0.00).
2022-11-15,147.67190551757812,Buy,0.4869879484176636,0.0,Buy,8600.938557252923,Model signals Buy (conf: 0.49) & sentiment is ok (0.00).
2022-11-16,146.44163513183594,Buy,0.4869876801967621,0.0,Buy,8529.283221327723,Model signals Buy (conf: 0.49) & sentiment is ok (0.00).
2022-11-17,148.34115600585938,Buy,0.4869876205921173,0.0,Buy,8639.91809306201,Model signals Buy (conf: 0.49) & sentiment is ok (0.00).
2022-11-18,148.9021759033203,Buy,0.48698750138282776,0.0,Buy,8672.593893178122,Model signals Buy (conf: 0.49) & sentiment is ok (0.00).
2022-11-21,145.67393493652344,Buy,0.4869876205921173,0.0,Buy,8484.569623388215,Model signals Buy (conf: 0.49) & sentiment is ok (0.00).
2022-11-22,147.80970764160156,Buy,0.4869876205921173,0.0,Buy,8608.96464452816,Model signals Buy (conf: 0.49) & sentiment is ok (0.00).
2022-11-23,148.68565368652344,Buy,0.4869876801967621,0.0,Buy,8659.982866886947,Model signals Buy (conf: 0.49) & sentiment is ok (0.00).
2022-11-25,145.77239990234375,Buy,0.4869876205921173,0.0,Buy,8490.304574244943,Model signals Buy (conf: 0.49) & sentiment is ok (0.00).
2022-11-28,141.94378662109375,Buy,0.4869876205921173,0.0,Buy,8267.312479194108,Model signals Buy (conf: 0.49) & sentiment is ok (0.00).
2022-11-29,138.9419403076172,Buy,0.4869876205921173,0.0,Buy,8092.474241615771,Model signals Buy (conf: 0.49) & sentiment is ok (0.00).
2022-11-30,145.6936798095703,Buy,0.4869876801967621,0.0,Buy,8485.719635229005,Model signals Buy (conf: 0.49) & sentiment is ok (0.00).
2022-12-01,145.96922302246094,Buy,0.4869876205921173,0.0,Buy,8501.76825487425,Model signals Buy (conf: 0.49) & sentiment is ok (0.00).
2022-12-02,145.47711181640625,Buy,0.48698750138282776,0.0,Buy,8473.105942758908,Model signals Buy (conf: 0.49) & sentiment is ok (0.00).
2022-12-05,144.31576538085938,Buy,0.48698750138282776,0.0,Buy,8405.464983560787,Model signals Buy (conf: 0.49) & sentiment is ok (0.00).
2022-12-06,140.65444946289062,Buy,0.48698750138282776,0.0,Buy,8192.216883735917,Model signals Buy (conf: 0.49) & sentiment is ok (0.00).
2022-12-07,138.7155303955078,Buy,0.48698750138282776,0.0,Buy,8079.287320677894,Model signals Buy (conf: 0.49) & sentiment is ok (0.00).
2022-12-08,140.39857482910156,Buy,0.48698750138282776,0.0,Buy,8177.313832299926,Model signals Buy (conf: 0.49) & sentiment is ok (0.00).
2022-12-09,139.91629028320312,Buy,0.48698750138282776,0.0,Buy,8149.223859926059,Model signals Buy (conf: 0.49) & sentiment is ok (0.00).
2022-12-12,142.20953369140625,Buy,0.48698750138282776,0.0,Buy,8282.790536550492,Model signals Buy (conf: 0.49) & sentiment is ok (0.00).
2022-12-13,143.1740264892578,Buy,0.48698750138282776,0.0,Buy,8338.966037666694,Model signals Buy (conf: 0.49) & sentiment is ok (0.00).
2022-12-14,140.94972229003906,Buy,0.48698750138282776,0.0,Buy,8209.414626495645,Model signals Buy (conf: 0.49) & sentiment is ok (0.00).
2022-12-15,134.3456268310547,Buy,0.48698750138282776,0.0,Buy,7824.768548625428,Model signals Buy (conf: 0.49) & sentiment is ok (0.00).
2022-12-16,132.3870391845703,Buy,0.48698750138282776,0.0,Buy,7710.69341735815,Model signals Buy (conf: 0.49) & sentiment is ok (0.00).
2022-12-19,130.28082275390625,Buy,0.4869873821735382,0.0,Buy,7588.019859074162,Model signals Buy (conf: 0.49) & sentiment is ok (0.00).
2022-12-20,130.21192932128906,Buy,0.48698756098747253,0.0,Buy,7584.007259799698,Model signals Buy (conf: 0.49) & sentiment is ok (0.00).
2022-12-21,133.3121795654297,Buy,0.48698756098747253,0.0,Buy,7764.576893329535,Model signals Buy (conf: 0.49) & sentiment is ok (0.00).
2022-12-22,130.1430206298828,Buy,0.48698756098747253,0.0,Buy,7579.993771798926,Model signals Buy (conf: 0.49) & sentiment is ok (0.00).
2022-12-23,129.77886962890625,Buy,0.48698756098747253,0.0,Buy,7558.784318491041,Model signals Buy (conf: 0.49) & sentiment is ok (0.00).
2022-12-27,127.97773742675781,Buy,0.48698756098747253,0.0,Buy,7453.879953981947,Model signals Buy (conf: 0.49) & sentiment is ok (0.00).
2022-12-28,124.05071258544922,Buy,0.48698756098747253,0.0,Buy,7225.156018616459,Model signals Buy (conf: 0.49) & sentiment is ok (0.00).
2022-12-29,127.56437683105469,Buy,0.48698756098747253,0.0,Buy,7429.804358335158,Model signals Buy (conf: 0.49) & sentiment is ok (0.00).
2022-12-30,127.8792953491211,Buy,0.48698756098747253,0.0,Buy,7448.146336214681,Model signals Buy (conf: 0.49) & sentiment is ok (0.00).
2023-01-03,123.09602355957031,Buy,0.48698756098747253,0.0,Buy,7169.551524152272,Model signals Buy (conf: 0.49) & sentiment is ok (0.00).
2023-01-04,124.36566925048828,Buy,0.48698756098747253,0.0,Buy,7243.500218311748,Model signals Buy (conf: 0.49) & sentiment is ok (0.00).
2023-01-05,123.04681396484375,Buy,0.4869877099990845,0.0,Buy,7166.685381813368,Model signals Buy (conf: 0.49) & sentiment is ok (0.00).
2023-01-06,127.57418823242188,Buy,0.48698756098747253,0.0,Buy,7430.375809350326,Model signals Buy (conf: 0.49) & sentiment is ok (0.00).
2023-01-09,128.09585571289062,Buy,0.48698756098747253,0.0,Buy,7460.759584321622,Model signals Buy (conf: 0.49) & sentiment is ok (0.00).
2023-01-10,128.66665649414062,Buy,0.48698756098747253,0.0,Buy,7494.005058000289,Model signals Buy (conf: 0.49) & sentiment is ok (0.00).
2023-01-11,131.38314819335938,Buy,0.48698756098747253,0.0,Buy,7652.223224918213,Model signals Buy (conf: 0.49) & sentiment is ok (0.00).
2023-01-12,131.30442810058594,Buy,0.48698756098747253,0.0,Buy,7647.638285902274,Model signals Buy (conf: 0.49) & sentiment is ok (0.00).
2023-01-13,132.63308715820312,Buy,0.48698756098747253,0.0,Buy,7725.024129052667,Model signals Buy (conf: 0.49) & sentiment is ok (0.00).
2023-01-17,133.79446411132812,Buy,0.48698756098747253,0.0,Buy,7792.666865703402,Model signals Buy (conf: 0.49) & sentiment is ok (0.00).
2023-01-18,133.07598876953125,Buy,0.48698756098747253,0.0,Buy,7750.820298829105,Model signals Buy (conf: 0.49) & sentiment is ok (0.00).
2023-01-19,133.13502502441406,Buy,0.48698756098747253,0.0,Buy,7754.258780909483,Model signals Buy (conf: 0.49) & sentiment is ok (0.00).
2023-01-20,135.69400024414062,Buy,0.48698756098747253,0.0,Buy,7903.302626163996,Model signals Buy (conf: 0.49) & sentiment is ok (0.00).
2023-01-23,138.8828582763672,Buy,0.48698756098747253,0.0,Buy,8089.033093356473,Model signals Buy (conf: 0.49) & sentiment is ok (0.00).
2023-01-24,140.28045654296875,Buy,0.4869876205921173,0.0,Buy,8170.434201960251,Model signals Buy (conf: 0.49) & sentiment is ok (0.00).
2023-01-25,139.62103271484375,Buy,0.4869876205921173,0.0,Buy,8132.027005892638,Model signals Buy (conf: 0.49) & sentiment is ok (0.00).
2023-01-26,141.68789672851562,Buy,0.4869876205921173,0.0,Buy,8252.40853903181,Model signals Buy (conf: 0.49) & sentiment is ok (0.00).
2023-01-27,143.62677001953125,Buy,0.48698750138282776,0.0,Buy,8365.335435910913,Model signals Buy (conf: 0.49) & sentiment is ok (0.00).
2023-01-30,140.74305725097656,Buy,0.48698750138282776,0.0,Buy,8197.377717398556,Model signals Buy (conf: 0.49) & sentiment is ok (0.00).
2023-01-31,142.01266479492188,Buy,0.4869876205921173,0.0,Buy,8271.324189742265,Model signals Buy (conf: 0.49) & sentiment is ok (0.00).
2023-02-01,143.13470458984375,Buy,0.4869876205921173,0.0,Buy,8336.675789974492,Model signals Buy (conf: 0.49) & sentiment is ok (0.00).
2023-02-02,148.4396209716797,Buy,0.4869876801967621,0.0,Buy,8645.653043918737,Model signals Buy (conf: 0.49) & sentiment is ok (0.00).
2023-02-03,152.0615692138672,Buy,0.4869881868362427,0.0,Buy,8856.608229872485,Model signals Buy (conf: 0.49) & sentiment is ok (0.00).
2023-02-06,149.3352508544922,Buy,0.4869879484176636,0.0,Buy,8697.817723213086,Model signals Buy (conf: 0.49) & sentiment is ok (0.00).
2023-02-07,152.20916748046875,Buy,0.4869879484176636,0.0,Buy,8865.204879436582,Model signals Buy (conf: 0.49) & sentiment is ok (0.00).
2023-02-08,149.52227783203125,Buy,0.4869876801967621,0.0,Buy,8708.710841553533,Model signals Buy (conf: 0.49) & sentiment is ok (0.00).
2023-02-09,148.4888153076172,Buy,0.4869876801967621,0.0,Buy,8648.518297531333,Model signals Buy (conf: 0.49) & sentiment is ok (0.00).
2023-02-10,148.85353088378906,Buy,0.4869877099990845,0.0,Buy,8669.760633712565,Model signals Buy (conf: 0.49) & sentiment is ok (0.00).
2023-02-13,151.65298461914062,Buy,0.4869879484176636,0.0,Buy,8832.810805559673,Model signals Buy (conf: 0.49) & sentiment is ok (0.00).
2023-02-14,151.0122833251953,Buy,0.4869879484176636,0.0,Buy,8795.494076670302,Model signals Buy (conf: 0.49) & sentiment is ok (0.00).
2023-02-15,153.11183166503906,Buy,0.4869879484176636,0.0,Buy,8917.779261558291,Model signals Buy (conf: 0.49) & sentiment is ok (0.00).
2023-02-16,151.51499938964844,Buy,0.4869879484176636,0.0,Buy,8824.774053568757,Model signals Buy (conf: 0.49) & sentiment is ok (0.00).
2023-02-17,150.3715362548828,Buy,0.4869879484176636,0.0,Buy,8758.174681602013,Model signals Buy (conf: 0.49) & sentiment is ok (0.00).
2023-02-21,146.3596649169922,Buy,0.48698800802230835,0.0,Buy,8524.50898360847,Model signals Buy (conf: 0.49) & sentiment is ok (0.00).
2023-02-22,146.7835235595703,Buy,0.48698800802230835,0.0,Buy,8549.196022954226,Model signals Buy (conf: 0.49) & sentiment is ok (0.00).
2023-02-23,147.26654052734375,Buy,0.4869877099990845,0.0,Buy,8577.328654190811,Model signals Buy (conf: 0.49) & sentiment is ok (0.00).
2023-02-24,144.61495971679688,Buy,0.48698750138282776,0.0,Buy,8422.89112898132,Model signals Buy (conf: 0.49) & sentiment is ok (0.00).
2023-02-27,145.8076629638672,Buy,0.48698750138282776,0.0,Buy,8492.35842073958,Model signals Buy (conf: 0.49) & sentiment is ok (0.00).
2023-02-28,145.30494689941406,Buy,0.48698750138282776,0.0,Buy,8463.078443841127,Model signals Buy (conf: 0.49) & sentiment is ok (0.00).
2023-03-01,143.23495483398438,Buy,0.48698750138282776,0.0,Buy,8342.514721809095,Model signals Buy (conf: 0.49) & sentiment is ok (0.00).
2023-03-02,143.82638549804688,Buy,0.48698750138282776,0.0,Buy,8376.961753454334,Model signals Buy (conf: 0.49) & sentiment is ok (0.00).
2023-03-03,148.87326049804688,Buy,0.4869877099990845,0.0,Buy,8670.909756827046,Model signals Buy (conf: 0.49) & sentiment is ok (0.00).
2023-03-06,151.63328552246094,Buy,0.48698800802230835,0.0,Buy,8831.663459897805,Model signals Buy (conf: 0.49) & sentiment is ok (0.00).
2023-03-07,149.43508911132812,Buy,0.4869877099990845,0.0,Buy,8703.63265943741,Model signals Buy (conf: 0.49) & sentiment is ok (0.00).
2023-03-08,150.6869659423828,Buy,0.4869877099990845,0.0,Buy,8776.546431812807,Model signals Buy (conf: 0.49) & sentiment is ok (0.00).
2023-03-09,148.4395294189453,Buy,0.4869876205921173,0.0,Buy,8645.647711560898,Model signals Buy (conf: 0.49) & sentiment is ok (0.00).
2023-03-10,146.37937927246094,Buy,0.48698750138282776,0.0,Buy,8525.657217996646,Model signals Buy (conf: 0.49) & sentiment is ok (0.00).
2023-03-13,148.32127380371094,Buy,0.4869877099990845,0.0,Buy,8638.760082684463,Model signals Buy (conf: 0.49) & sentiment is ok (0.00).
2023-03-14,150.41099548339844,Buy,0.4869877099990845,0.0,Buy,8760.472927830975,Model signals Buy (conf: 0.49) & sentiment is ok (0.00).
2023-03-15,150.80526733398438,Buy,0.4869877099990845,0.0,Buy,8783.436726868162,Model signals Buy (conf: 0.49) & sentiment is ok (0.00).
2023-03-16,153.6244354248047,Buy,0.4869879484176636,0.0,Buy,8947.635133103444,Model signals Buy (conf: 0.49) & sentiment is ok (0.00).
2023-03-17,152.7865753173828,Buy,0.4869879484176636,0.0,Buy,8898.835171606022,Model signals Buy (conf: 0.49) & sentiment is ok (0.00).
2023-03-20,155.15228271484375,Buy,0.4869879484176636,0.0,Buy,9036.622409460673,Model signals Buy (conf: 0.49) & sentiment is ok (0.00).
2023-03-21,157.00546264648438,Buy,0.4869879484176636,0.0,Buy,9144.558219401704,Model signals Buy (conf: 0.49) & sentiment is ok (0.00).
2023-03-22,155.57614135742188,Buy,0.4869879484176636,0.0,Buy,9061.309448806429,Model signals Buy (conf: 0.49) & sentiment is ok (0.00).
2023-03-23,156.6604461669922,Buy,0.48698800802230835,0.0,Buy,9124.463228882341,Model signals Buy (conf: 0.49) & sentiment is ok (0.00).
2023-03-24,157.96157836914062,Buy,0.48698800802230835,0.0,Buy,9200.245809775563,Model signals Buy (conf: 0.49) & sentiment is ok (0.00).
2023-03-27,156.01974487304688,Buy,0.48698800802230835,0.0,Buy,9087.146499992972,Model signals Buy (conf: 0.49) & sentiment is ok (0.00).
2023-03-28,155.39874267578125,Buy,0.48698800802230835,0.0,Buy,9050.97711676547,Model signals Buy (conf: 0.49) & sentiment is ok (0.00).
2023-03-29,158.4741668701172,Buy,0.4869879484176636,0.0,Buy,9230.10079259441,Model signals Buy (conf: 0.49) & sentiment is ok (0.00).
2023-03-30,160.04144287109375,Buy,0.48698776960372925,0.0,Buy,9321.384537727989,Model signals Buy (conf: 0.49) & sentiment is ok (0.00).
2023-03-31,162.54518127441406,Buy,0.48698776960372925,0.0,Buy,9467.211193752477,Model signals Buy (conf: 0.49) & sentiment is ok (0.00).
2023-04-03,163.79705810546875,Buy,0.48698776960372925,0.0,Buy,9540.124966127874,Model signals Buy (conf: 0.49) & sentiment is ok (0.00).
2023-04-04,163.2647705078125,Buy,0.48698776960372925,0.0,Buy,9509.122637647159,Model signals Buy (conf: 0.49) & sentiment is ok (0.00).
2023-04-05,161.42144775390625,Buy,0.4869878888130188,0.0,Buy,9401.760944900214,Model signals Buy (conf: 0.49) & sentiment is ok (0.00).
2023-04-06,162.30862426757812,Buy,0.4869878888130188,0.0,Buy,9453.433269820687,Model signals Buy (conf: 0.49) & sentiment is ok (0.00).
2023-04-10,159.71615600585938,Buy,0.4869878888130188,0.0,Buy,9302.438670323107,Model signals Buy (conf: 0.49) & sentiment is ok (0.00).
2023-04-11,158.50372314453125,Buy,0.4869878888130188,0.0,Buy,9231.822255450365,Model signals Buy (conf: 0.49) & sentiment is ok (0.00).
2023-04-12,157.8137664794922,Buy,0.4869878888130188,0.0,Buy,9191.636718043172,Model signals Buy (conf: 0.49) & sentiment is ok (0.00).
2023-04-13,163.1957550048828,Buy,0.48698776960372925,0.0,Buy,9505.10292856224,Model signals Buy (conf: 0.49) & sentiment is ok (0.00).
2023-04-14,162.85076904296875,Buy,0.48698776960372925,0.0,Buy,9485.009715495491,Model signals Buy (conf: 0.49) & sentiment is ok (0.00).
2023-04-17,162.87046813964844,Buy,0.48698776960372925,0.0,Buy,9486.157061157359,Model signals Buy (conf: 0.49) & sentiment is ok (0.00).
2023-04-18,164.0927734375,Buy,0.48698776960372925,0.0,Buy,9557.348481950494,Model signals Buy (conf: 0.49) & sentiment is ok (0.00).
2023-04-19,165.23622131347656,Buy,0.4869878888130188,0.0,Buy,9623.94696519093,Model signals Buy (conf: 0.49) & sentiment is ok (0.00).
2023-04-20,164.27020263671875,Buy,0.4869878888130188,0.0,Buy,9567.682591444065,Model signals Buy (conf: 0.49) & sentiment is ok (0.00).
2023-04-21,162.66351318359375,Buy,0.4869878888130188,0.0,Buy,9474.103266260445,Model signals Buy (conf: 0.49) & sentiment is ok (0.00).
2023-04-24,162.96908569335938,Buy,0.4869878888130188,0.0,Buy,9491.900899277152,Model signals Buy (conf: 0.49) & sentiment is ok (0.00).
2023-04-25,161.43130493164062,Buy,0.4869878888130188,0.0,Buy,9402.335062094302,Model signals Buy (conf: 0.49) & sentiment is ok (0.00).
2023-04-26,161.42144775390625,Buy,0.4869878888130188,0.0,Buy,9401.760944900214,Model signals Buy (conf: 0.49) & sentiment is ok (0.00).
2023-04-27,166.0050506591797,Buy,0.48698776960372925,0.0,Buy,9668.726328877128,Model signals Buy (conf: 0.49) & sentiment is ok (0.00).
2023-04-28,167.2569122314453,Buy,0.48698776960372925,0.0,Buy,9741.63921252622,Model signals Buy (conf: 0.49) & sentiment is ok (0.00).
2023-05-01,167.168212890625,Buy,0.48698776960372925,0.0,Buy,9736.47304650574,Model signals Buy (conf: 0.49) & sentiment is ok (0.00).
2023-05-02,166.1332244873047,Buy,0.48698776960372925,0.0,Buy,9676.191629852878,Model signals Buy (conf: 0.49) & sentiment is ok (0.00).
2023-05-03,165.05880737304688,Buy,0.4869878888130188,0.0,Buy,9613.613744423665,Model signals Buy (conf: 0.49) & sentiment is ok (0.00).
2023-05-04,163.4224853515625,Buy,0.4869878888130188,0.0,Buy,9518.308512752556,Model signals Buy (conf: 0.49) & sentiment is ok (0.00).
2023-05-05,171.09136962890625,Buy,0.48698776960372925,0.0,Buy,9964.971689752496,Model signals Buy (conf: 0.49) & sentiment is ok (0.00).
2023-05-08,171.0223846435547,Buy,0.48698776960372925,0.0,Buy,9960.953758120191,Model signals Buy (conf: 0.49) & sentiment is ok (0.00).
2023-05-09,169.31707763671875,Buy,0.48698776960372925,0.0,Buy,9861.630594816777,Model signals Buy (conf: 0.49) & sentiment is ok (0.00).
2023-05-10,171.0814971923828,Buy,0.48698776960372925,0.0,Buy,9964.396683832103,Model signals Buy (conf: 0.49) & sentiment is ok (0.00).
2023-05-11,171.268798828125,Buy,0.48698776960372925,0.0,Buy,9975.305799246069,Model signals Buy (conf: 0.49) & sentiment is ok (0.00).
2023-05-12,170.34095764160156,Buy,0.48698776960372925,0.0,Buy,9921.265018718408,Model signals Buy (conf: 0.49) & sentiment is ok (0.00).
2023-05-15,169.847412109375,Buy,0.48698776960372925,0.0,Buy,9892.519166330243,Model signals Buy (conf: 0.49) & sentiment is ok (0.00).
2023-05-16,169.847412109375,Buy,0.48698776960372925,0.0,Buy,9892.519166330243,Model signals Buy (conf: 0.49) & sentiment is ok (0.00).
2023-05-17,170.45941162109375,Buy,0.4869878888130188,0.0,Buy,9928.164201036829,Model signals Buy (conf: 0.49) & sentiment is ok (0.00).
2023-05-18,172.78892517089844,Buy,0.48698776960372925,0.0,Buy,10063.84338009214,Model signals Buy (conf: 0.49) & sentiment is ok (0.00).
2023-05-19,172.8974609375,Buy,0.48698776960372925,0.0,Buy,10070.164890311245,Model signals Buy (conf: 0.49) & sentiment is ok (0.00).
2023-05-22,171.94989013671875,Buy,0.48698776960372925,0.0,Buy,10014.974986669105,Model signals Buy (conf: 0.49) & sentiment is ok (0.00).
2023-05-23,169.343994140625,Buy,0.4869878888130188,0.0,Buy,9863.198308021685,Model signals Buy (conf: 0.49) & sentiment is ok (0.00).
2023-05-24,169.620361328125,Buy,0.4869878888130188,0.0,Buy,9879.294918887488,Model signals Buy (conf: 0.49) & sentiment is ok (0.00).
2023-05-25,170.75552368164062,Buy,0.4869878888130188,0.0,Buy,9945.410823743421,Model signals Buy (conf: 0.49) & sentiment is ok (0.00).
2023-05-26,173.1639862060547,Buy,0.4869878888130188,0.0,Buy,10085.68827270927,Model signals Buy (conf: 0.49) & sentiment is ok (0.00).
2023-05-30,175.0098419189453,Buy,0.48698776960372925,0.0,Buy,10193.197494023116,Model signals Buy (conf: 0.49) & sentiment is ok (0.00).
2023-05-31,174.9604949951172,Buy,0.48698776960372925,0.0,Buy,10190.323353147453,Model signals Buy (conf: 0.49) & sentiment is ok (0.00).
2023-06-01,177.7637939453125,Buy,0.48698776960372925,0.0,Buy,10353.597484023832,Model signals Buy (conf: 0.49) & sentiment is ok (0.00).
2023-06-02,178.61268615722656,Buy,0.48698776960372925,0.0,Buy,10403.039994640954,Model signals Buy (conf: 0.49) & sentiment is ok (0.00).
2023-06-05,177.2604217529297,Buy,0.48698756098747253,0.0,Buy,10324.279291894194,Model signals Buy (conf: 0.49) & sentiment is ok (0.00).
2023-06-06,176.8951873779297,Buy,0.48698776960372925,0.0,Buy,10303.006739018536,Model signals Buy (conf: 0.49) & sentiment is ok (0.00).
2023-06-07,175.5231475830078,Buy,0.48698776960372925,0.0,Buy,10223.094246978375,Model signals Buy (conf: 0.49) & sentiment is ok (0.00).
2023-06-08,178.2376251220703,Buy,0.48698776960372925,0.0,Buy,10381.195102023823,Model signals Buy (conf: 0.49) & sentiment is ok (0.00).
2023-06-09,178.62257385253906,Buy,0.48698776960372925,0.0,Buy,10403.615889287654,Model signals Buy (conf: 0.49) & sentiment is ok (0.00).
2023-06-12,181.41600036621094,Buy,0.48698756098747253,0.0,Buy,10566.31501424364,Model signals Buy (conf: 0.49) & sentiment is ok (0.00).
2023-06-13,180.94219970703125,Buy,0.48698756098747253,0.0,Buy,10538.719173696263,Model signals Buy (conf: 0.49) & sentiment is ok (0.00).
2023-06-14,181.5739288330078,Buy,0.48698756098747253,0.0,Buy,10575.51333151733,Model signals Buy (conf: 0.49) & sentiment is ok (0.00).
2023-06-15,183.6073455810547,Buy,0.48698756098747253,0.0,Buy,10693.946776592355,Model signals Buy (conf: 0.49) & sentiment is ok (0.00).
2023-06-16,182.5314483642578,Buy,0.48698756098747253,0.0,Buy,10631.2826847114,Model signals Buy (conf: 0.49) & sentiment is ok (0.00).
2023-06-20,182.62026977539062,Buy,0.48698756098747253,0.0,Buy,10636.455960542331,Model signals Buy (conf: 0.49) & sentiment is ok (0.00).
2023-06-21,181.58384704589844,Buy,0.48698756098747253,0.0,Buy,10576.091003616644,Model signals Buy (conf: 0.49) & sentiment is ok (0.00).
2023-06-22,184.58456420898438,Buy,0.48698756098747253,0.0,Buy,10750.86347544829,Model signals Buy (conf: 0.49) & sentiment is ok (0.00).
2023-06-23,184.26869201660156,Buy,0.48698756098747253,0.0,Buy,10732.465952174603,Model signals Buy (conf: 0.49) & sentiment is ok (0.00).
2023-06-26,182.87692260742188,Buy,0.48698756098747253,0.0,Buy,10651.404337019962,Model signals Buy (conf: 0.49) & sentiment is ok (0.00).
2023-06-27,185.630859375,Buy,0.48698756098747253,0.0,Buy,10811.803438294372,Model signals Buy (conf: 0.49) & sentiment is ok (0.00).
2023-06-28,186.80548095703125,Buy,0.48698756098747253,0.0,Buy,10880.217589379266,Model signals Buy (conf: 0.49) & sentiment is ok (0.00).
2023-06-29,187.14109802246094,Buy,0.48698756098747253,0.0,Buy,10899.765124493742,Model signals Buy (conf: 0.49) & sentiment is ok (0.00).
2023-06-30,191.46453857421875,Buy,0.4869881272315979,0.0,Buy,11151.5777249425,Model signals Buy (conf: 0.49) & sentiment is ok (0.00).
2023-07-03,189.97402954101562,Buy,0.4869881272315979,0.0,Buy,11064.765161857611,Model signals Buy (conf: 0.49) & sentiment is ok (0.00).
2023-07-05,188.858642578125,Buy,0.4869878888130188,0.0,Buy,10999.801046295079,Model signals Buy (conf: 0.49) & sentiment is ok (0.00).
2023-07-06,189.33242797851562,Buy,0.4869878888130188,0.0,Buy,11027.39599811615,Model signals Buy (conf: 0.49) & sentiment is ok (0.00).
2023-07-07,188.2169952392578,Buy,0.48698776960372925,0.0,Buy,10962.429216374698,Model signals Buy (conf: 0.49) & sentiment is ok (0.00).
2023-07-10,186.17372131347656,Buy,0.48698756098747253,0.0,Buy,10843.421654105587,Model signals Buy (conf: 0.49) & sentiment is ok (0.00).
2023-07-11,185.65060424804688,Buy,0.48698756098747253,0.0,Buy,10812.953450135159,Model signals Buy (conf: 0.49) & sentiment is ok (0.00).
2023-07-12,187.31878662109375,Buy,0.48698756098747253,0.0,Buy,10910.114342334526,Model signals Buy (conf: 0.49) & sentiment is ok (0.00).
2023-07-13,188.07884216308594,Buy,0.48698756098747253,0.0,Buy,10954.38268839441,Model signals Buy (conf: 0.49) & sentiment is ok (0.00).
2023-07-14,188.2268829345703,Buy,0.48698756098747253,0.0,Buy,10963.005111021399,Model signals Buy (conf: 0.49) & sentiment is ok (0.00).
2023-07-17,191.48426818847656,Buy,0.4869878888130188,0.0,Buy,11152.72684805698,Model signals Buy (conf: 0.49) & sentiment is ok (0.00).
2023-07-18,191.2276153564453,Buy,0.4869878888130188,0.0,Buy,11137.778471579351,Model signals Buy (conf: 0.49) & sentiment is ok (0.00).
2023-07-19,192.57992553710938,Buy,0.4869881272315979,0.0,Buy,11216.541840505031,Model signals Buy (conf: 0.49) & sentiment is ok (0.00).
2023-07-20,190.6353759765625,Buy,0.4869878888130188,0.0,Buy,11103.28433743986,Model signals Buy (conf: 0.49) & sentiment is ok (0.00).
2023-07-21,189.46075439453125,Buy,0.4869878888130188,0.0,Buy,11034.870186354965,Model signals Buy (conf: 0.49) & sentiment is ok (0.00).
2023-07-24,190.2602996826172,Buy,0.48698776960372925,0.0,Buy,11081.438556096422,Model signals Buy (conf: 0.49) & sentiment is ok (0.00).
2023-07-25,191.11904907226562,Buy,0.48698776960372925,0.0,Buy,11131.45518390763,Model signals Buy (conf: 0.49) & sentiment is ok (0.00).
2023-07-26,191.9876708984375,Buy,0.48698776960372925,0.0,Buy,11182.046817639233,Model signals Buy (conf: 0.49) & sentiment is ok (0.00).
2023-07-27,190.72422790527344,Buy,0.48698776960372925,0.0,Buy,11108.459390723405,Model signals Buy (conf: 0.49) & sentiment is ok (0.00).
2023-07-28,193.30052185058594,Buy,0.4869878888130188,0.0,Buy,11258.511940335951,Model signals Buy (conf: 0.49) & sentiment is ok (0.00).
2023-07-31,193.9124755859375,Buy,0.4869878888130188,0.0,Buy,11294.154308863617,Model signals Buy (conf: 0.49) & sentiment is ok (0.00).
2023-08-01,193.0833282470703,Buy,0.4869878888130188,0.0,Buy,11245.861810087285,Model signals Buy (conf: 0.49) & sentiment is ok (0.00).
2023-08-02,190.09251403808594,Buy,0.4869878888130188,0.0,Buy,11071.666121628645,Model signals Buy (conf: 0.49) & sentiment is ok (0.00).
2023-08-03,188.70069885253906,Buy,0.4869878888130188,0.0,Buy,10990.601840295081,Model signals Buy (conf: 0.49) & sentiment is ok (0.00).
2023-08-04,179.63926696777344,Buy,0.4869878888130188,0.0,Buy,10462.83172309886,Model signals Buy (conf: 0.49) & sentiment is ok (0.00).
2023-08-07,176.53982543945312,Buy,0.48698756098747253,0.0,Buy,10282.309192063274,Model signals Buy (conf: 0.49) & sentiment is ok (0.00).
2023-08-08,177.47755432128906,Buy,0.48698756098747253,0.0,Buy,10336.925867237635,Model signals Buy (conf: 0.49) & sentiment is ok (0.00).
2023-08-09,175.88836669921875,Buy,0.48698776960372925,0.0,Buy,10244.365911127725,Model signals Buy (conf: 0.49) & sentiment is ok (0.00).
2023-08-10,175.6711883544922,Buy,0.4869878888130188,0.0,Buy,10231.716669605365,Model signals Buy (conf: 0.49) & sentiment is ok (0.00).
2023-08-11,175.73048400878906,Buy,0.4869878888130188,0.0,Buy,10235.170260032955,Model signals Buy (conf: 0.49) & sentiment is ok (0.00).
2023-08-14,177.3811492919922,Buy,0.4869878888130188,0.0,Buy,10331.310894432303,Model signals Buy (conf: 0.49) & sentiment is ok (0.00).
2023-08-15,175.39442443847656,Buy,0.4869878888130188,0.0,Buy,10215.596951855587,Model signals Buy (conf: 0.49) & sentiment is ok (0.00).
2023-08-16,174.52464294433594,Buy,0.4869878888130188,0.0,Buy,10164.937774924681,Model signals Buy (conf: 0.49) & sentiment is ok (0.00).
2023-08-17,171.9844207763672,Buy,0.4869878888130188,0.0,Buy,10016.986174301024,Model signals Buy (conf: 0.49) & sentiment is ok (0.00).
2023-08-18,172.46871948242188,Buy,0.4869878888130188,0.0,Buy,10045.193458547368,Model signals Buy (conf: 0.49) & sentiment is ok (0.00).
2023-08-21,173.80311584472656,Buy,0.4869878888130188,0.0,Buy,10122.913462789056,Model signals Buy (conf: 0.49) & sentiment is ok (0.00).
2023-08-22,175.17698669433594,Buy,0.4869878888130188,0.0,Buy,10202.932601986015,Model signals Buy (conf: 0.49) & sentiment is ok (0.00).
2023-08-23,179.02194213867188,Buy,0.4869878888130188,0.0,Buy,10426.876522911258,Model signals Buy (conf: 0.49) & sentiment is ok (0.00).
2023-08-24,174.3368377685547,Buy,0.4869878888130188,0.0,Buy,10153.999331542596,Model signals Buy (conf: 0.49) & sentiment is ok (0.00).
2023-08-25,176.54100036621094,Buy,0.4869878888130188,0.0,Buy,10282.377623988885,Model signals Buy (conf: 0.49) & sentiment is ok (0.00).
2023-08-28,178.10272216796875,Buy,0.4869878888130188,0.0,Buy,10373.337872746848,Model signals Buy (conf: 0.49) & sentiment is ok (0.00).
2023-08-29,181.9871826171875,Buy,0.48698776960372925,0.0,Buy,10599.582706079973,Model signals Buy (conf: 0.49) & sentiment is ok (0.00).
2023-08-30,185.4762725830078,Buy,0.48698776960372925,0.0,Buy,10802.799752081835,Model signals Buy (conf: 0.49) & sentiment is ok (0.00).
2023-08-31,185.69371032714844,Buy,0.48698756098747253,0.0,Buy,10815.464101951407,Model signals Buy (conf: 0.49) & sentiment is ok (0.00).
2023-09-01,187.26531982421875,Buy,0.48698756098747253,0.0,Buy,10907.000245356072,Model signals Buy (conf: 0.49) & sentiment is ok (0.00).
2023-09-05,187.50254821777344,Buy,0.48698750138282776,0.0,Buy,10920.817273245353,Model signals Buy (conf: 0.49) & sentiment is ok (0.00).
2023-09-06,180.7912139892578,Buy,0.48698750138282776,0.0,Buy,10529.925226892094,Model signals Buy (conf: 0.49) & sentiment is ok (0.00).
2023-09-07,175.50314331054688,Buy,0.48698776960372925,0.0,Buy,10221.929126790374,Model signals Buy (conf: 0.49) & sentiment is ok (0.00).
2023-09-08,176.115966796875,Buy,0.48698776960372925,0.0,Buy,10257.622152717518,Model signals Buy (conf: 0.49) & sentiment is ok (0.00).
2023-09-11,177.28231811523438,Buy,0.48698776960372925,0.0,Buy,10325.554614144217,Model signals Buy (conf: 0.49) & sentiment is ok (0.00).
2023-09-12,174.2577667236328,Buy,0.48698776960372925,0.0,Buy,10149.393951821605,Model signals Buy (conf: 0.49) & sentiment is ok (0.00).
2023-09-13,172.1919708251953,Buy,0.48698776960372925,0.0,Buy,10029.074629523897,Model signals Buy (conf: 0.49) & sentiment is ok (0.00).
2023-09-14,173.70425415039062,Buy,0.48698776960372925,0.0,Buy,10117.155405048357,Model signals Buy (conf: 0.49) & sentiment is ok (0.00).
2023-09-15,172.982666015625,Buy,0.48698776960372925,0.0,Buy,10075.127538007506,Model signals Buy (conf: 0.49) & sentiment is ok (0.00).
2023-09-18,175.90841674804688,Buy,0.48698776960372925,0.0,Buy,10245.533697494646,Model signals Buy (conf: 0.49) & sentiment is ok (0.00).
2023-09-19,176.99569702148438,Buy,0.48698776960372925,0.0,Buy,10308.860779200353,Model signals Buy (conf: 0.49) & sentiment is ok (0.00).
2023-09-20,173.4571533203125,Buy,0.4869878888130188,0.0,Buy,10102.763371238681,Model signals Buy (conf: 0.49) & sentiment is ok (0.00).
2023-09-21,171.9152069091797,Buy,0.4869878888130188,0.0,Buy,10012.95491177412,Model signals Buy (conf: 0.49) & sentiment is ok (0.00).
2023-09-22,172.7652587890625,Buy,0.4869878888130188,0.0,Buy,10062.464965590545,Model signals Buy (conf: 0.49) & sentiment is ok (0.00).
2023-09-25,174.0403289794922,Buy,0.4869878888130188,0.0,Buy,10136.72960195203,Model signals Buy (conf: 0.49) & sentiment is ok (0.00).
2023-09-26,169.9680633544922,Buy,0.4869878888130188,0.0,Buy,9899.54632523682,Model signals Buy (conf: 0.49) & sentiment is ok (0.00).
2023-09-27,168.45574951171875,Buy,0.4869878888130188,0.0,Buy,9811.463772259747,Model signals Buy (conf: 0.49) & sentiment is ok (0.00).
2023-09-28,168.71273803710938,Buy,0.4869878888130188,0.0,Buy,9826.431700716123,Model signals Buy (conf: 0.49) & sentiment is ok (0.00).
2023-09-29,169.22674560546875,Buy,0.4869878888130188,0.0,Buy,9856.369335081488,Model signals Buy (conf: 0.49) & sentiment is ok (0.00).
2023-10-02,171.73727416992188,Buy,0.4869878888130188,0.0,Buy,10002.591474312429,Model signals Buy (conf: 0.49) & sentiment is ok (0.00).
2023-10-03,170.40292358398438,Buy,0.4869878888130188,0.0,Buy,9924.87413624966,Model signals Buy (conf: 0.49) & sentiment is ok (0.00).
2023-10-04,171.6483154296875,Buy,0.4869878888130188,0.0,Buy,9997.410199944738,Model signals Buy (conf: 0.49) & sentiment is ok (0.00).
2023-10-05,172.88388061523438,Buy,0.4869878888130188,0.0,Buy,10069.37392389834,Model signals Buy (conf: 0.49) & sentiment is ok (0.00).
2023-10-06,175.4339599609375,Buy,0.48698776960372925,0.0,Buy,10217.899641716083,Model signals Buy (conf: 0.49) & sentiment is ok (0.00).
2023-10-09,176.91661071777344,Buy,0.48698776960372925,0.0,Buy,10304.254510753055,Model signals Buy (conf: 0.49) & sentiment is ok (0.00).
2023-10-10,176.3235626220703,Buy,0.48698776960372925,0.0,Buy,10269.71327411931,Model signals Buy (conf: 0.49) & sentiment is ok (0.00).
2023-10-11,177.71722412109375,Buy,0.48698776960372925,0.0,Buy,10350.885091335977,Model signals Buy (conf: 0.49) & sentiment is ok (0.00).
2023-10-12,178.61669921875,Buy,0.48698776960372925,0.0,Buy,10403.273729659599,Model signals Buy (conf: 0.49) & sentiment is ok (0.00).
2023-10-13,176.77822875976562,Buy,0.48698776960372925,0.0,Buy,10296.194651878166,Model signals Buy (conf: 0.49) & sentiment is ok (0.00).
2023-10-16,176.6497344970703,Buy,0.48698776960372925,0.0,Buy,10288.710687649978,Model signals Buy (conf: 0.49) & sentiment is ok (0.00).
2023-10-17,175.09793090820312,Buy,0.48698776960372925,0.0,Buy,10198.32811099133,Model signals Buy (conf: 0.49) & sentiment is ok (0.00).
2023-10-18,173.80311584472656,Buy,0.48698776960372925,0.0,Buy,10122.913462789056,Model signals Buy (conf: 0.49) & sentiment is ok (0.00).
2023-10-19,173.42750549316406,Buy,0.48698776960372925,0.0,Buy,10101.036576024886,Model signals Buy (conf: 0.49) & sentiment is ok (0.00).
2023-10-20,170.87741088867188,Buy,0.4869878888130188,0.0,Buy,9952.509969480836,Model signals Buy (conf: 0.49) & sentiment is ok (0.00).
2023-10-23,170.99600219726562,Buy,0.4869878888130188,0.0,Buy,9959.417150336018,Model signals Buy (conf: 0.49) & sentiment is ok (0.00).
2023-10-24,171.43089294433594,Buy,0.4869878888130188,0.0,Buy,9984.74673880147,Model signals Buy (conf: 0.49) & sentiment is ok (0.00).
2023-10-25,169.11801147460938,Buy,0.4869878888130188,0.0,Buy,9850.036271420395,Model signals Buy (conf: 0.49) & sentiment is ok (0.00).
2023-10-26,164.9567413330078,Buy,0.4869878888130188,0.0,Buy,9607.669054158572,Model signals Buy (conf: 0.49) & sentiment is ok (0.00).
2023-10-27,166.27133178710938,Buy,0.4869878888130188,0.0,Buy,9684.235491654246,Model signals Buy (conf: 0.49) & sentiment is ok (0.00).
2023-10-30,168.3173828125,Buy,0.4869878888130188,0.0,Buy,9803.404802111165,Model signals Buy (conf: 0.49) & sentiment is ok (0.00).
2023-10-31,168.79180908203125,Buy,0.4869878888130188,0.0,Buy,9831.037080437114,Model signals Buy (conf: 0.49) & sentiment is ok (0.00).
2023-11-01,171.9547576904297,Buy,0.4869878888130188,0.0,Buy,10015.258490360922,Model signals Buy (conf: 0.49) & sentiment is ok (0.00).
2023-11-02,175.5130615234375,Buy,0.48698776960372925,0.0,Buy,10222.506798889688,Model signals Buy (conf: 0.49) & sentiment is ok (0.00).
2023-11-03,174.6037139892578,Buy,0.48698776960372925,0.0,Buy,10169.543154645673,Model signals Buy (conf: 0.49) & sentiment is ok (0.00).
2023-11-06,177.15383911132812,Buy,0.48698776960372925,0.0,Buy,10318.071538642336,Model signals Buy (conf: 0.49) & sentiment is ok (0.00).
2023-11-07,179.71380615234375,Buy,0.48698776960372925,0.0,Buy,10467.17315110678,Model signals Buy (conf: 0.49) & sentiment is ok (0.00).
2023-11-08,180.7714080810547,Buy,0.48698776960372925,0.0,Buy,10528.771660146078,Model signals Buy (conf: 0.49) & sentiment is ok (0.00).
2023-11-09,180.29698181152344,Buy,0.48698776960372925,0.0,Buy,10501.139381820129,Model signals Buy (conf: 0.49) & sentiment is ok (0.00).
2023-11-10,184.4835205078125,Buy,0.48698776960372925,0.0,Buy,10744.978329845742,Model signals Buy (conf: 0.49) & sentiment is ok (0.00).
2023-11-13,182.89996337890625,Buy,0.48698776960372925,0.0,Buy,10652.746313742982,Model signals Buy (conf: 0.49) & sentiment is ok (0.00).
2023-11-14,185.51280212402344,Buy,0.48698776960372925,0.0,Buy,10804.927362859922,Model signals Buy (conf: 0.49) & sentiment is ok (0.00).
2023-11-15,186.07691955566406,Buy,0.48698800802230835,0.0,Buy,10837.783574416282,Model signals Buy (conf: 0.49) & sentiment is ok (0.00).
2023-11-16,187.7594757080078,Buy,0.48698800802230835,0.0,Buy,10935.781646796502,Model signals Buy (conf: 0.49) & sentiment is ok (0.00).
2023-11-17,187.73968505859375,Buy,0.48698800802230835,0.0,Buy,10934.628968776795,Model signals Buy (conf: 0.49) & sentiment is ok (0.00).
2023-11-20,189.48155212402344,Buy,0.48698800802230835,0.0,Buy,11036.08152031091,Model signals Buy (conf: 0.49) & sentiment is ok (0.00).
2023-11-21,188.67991638183594,Buy,0.48698800802230835,0.0,Buy,10989.391395065442,Model signals Buy (conf: 0.49) & sentiment is ok (0.00).
2023-11-22,189.34300231933594,Buy,0.48698756098747253,0.0,Buy,11028.01188544665,Model signals Buy (conf: 0.49) & sentiment is ok (0.00).
2023-11-24,188.0167999267578,Buy,0.48698756098747253,0.0,Buy,10950.769127231624,Model signals Buy (conf: 0.49) & sentiment is ok (0.00).
2023-11-27,187.83865356445312,Buy,0.48698756098747253,0.0,Buy,10940.39324760164,Model signals Buy (conf: 0.49) & sentiment is ok (0.00).
2023-11-28,188.44236755371094,Buy,0.48698756098747253,0.0,Buy,10975.555703923723,Model signals Buy (conf: 0.49) & sentiment is ok (0.00).
2023-11-29,187.42295837402344,Buy,0.48698756098747253,0.0,Buy,10916.181676829936,Model signals Buy (conf: 0.49) & sentiment is ok (0.00).
2023-11-30,187.99697875976562,Buy,0.48698756098747253,0.0,Buy,10949.614671759302,Model signals Buy (conf: 0.49) & sentiment is ok (0.00).
2023-12-01,189.2737579345703,Buy,0.48698756098747253,0.0,Buy,11023.97884546713,Model signals Buy (conf: 0.49) & sentiment is ok (0.00).
2023-12-04,187.48233032226562,Buy,0.48698756098747253,0.0,Buy,10919.63971088906,Model signals Buy (conf: 0.49) & sentiment is ok (0.00).
2023-12-05,191.4313201904297,Buy,0.4869878888130188,0.0,Buy,11149.642967772952,Model signals Buy (conf: 0.49) & sentiment is ok (0.00).
2023-12-06,190.34263610839844,Buy,0.4869878888130188,0.0,Buy,11086.234123247033,Model signals Buy (conf: 0.49) & sentiment is ok (0.00).
2023-12-07,192.27259826660156,Buy,0.4869878888130188,0.0,Buy,11198.642003963061,Model signals Buy (conf: 0.49) & sentiment is ok (0.00).
2023-12-08,193.69778442382812,Buy,0.4869881272315979,0.0,Buy,11281.649929729238,Model signals Buy (conf: 0.49) & sentiment is ok (0.00).
2023-12-11,191.19378662109375,Buy,0.4869878888130188,0.0,Buy,11135.808165357537,Model signals Buy (conf: 0.49) & sentiment is ok (0.00).
2023-12-12,192.70806884765625,Buy,0.4869878888130188,0.0,Buy,11224.005364028166,Model signals Buy (conf: 0.49) & sentiment is ok (0.00).
2023-12-13,195.9246368408203,Buy,0.4869881272315979,0.0,Buy,11411.349758193495,Model signals Buy (conf: 0.49) & sentiment is ok (0.00).
2023-12-14,196.0730743408203,Buy,0.4869881272315979,0.0,Buy,11419.995287704458,Model signals Buy (conf: 0.49) & sentiment is ok (0.00).
2023-12-15,195.53863525390625,Buy,0.4869881272315979,0.0,Buy,11388.867648814507,Model signals Buy (conf: 0.49) & sentiment is ok (0.00).
2023-12-18,193.87591552734375,Buy,0.4869881272315979,0.0,Buy,11292.024920632915,Model signals Buy (conf: 0.49) & sentiment is ok (0.00).
2023-12-19,194.91514587402344,Buy,0.4869878888130188,0.0,Buy,11352.553403199023,Model signals Buy (conf: 0.49) & sentiment is ok (0.00).
2023-12-20,192.8268280029297,Buy,0.4869878888130188,0.0,Buy,11230.92232087272,Model signals Buy (conf: 0.49) & sentiment is ok (0.00).
2023-12-21,192.67835998535156,Buy,0.4869878888130188,0.0,Buy,11222.275013909144,Model signals Buy (conf: 0.49) & sentiment is ok (0.00).
2023-12-22,191.60946655273438,Buy,0.4869878888130188,0.0,Buy,11160.018847402935,Model signals Buy (conf: 0.49) & sentiment is ok (0.00).
2023-12-26,191.0651397705078,Buy,0.4869878888130188,0.0,Buy,11128.315313866284,Model signals Buy (conf: 0.49) & sentiment is ok (0.00).
2023-12-27,191.16409301757812,Buy,0.48698776960372925,0.0,Buy,11134.078703964822,Model signals Buy (conf: 0.49) & sentiment is ok (0.00).
2023-12-28,191.5896759033203,Buy,0.48698756098747253,0.0,Buy,11158.866169383227,Model signals Buy (conf: 0.49) & sentiment is ok (0.00).
2023-12-29,190.5504608154297,Buy,0.48698756098747253,0.0,Buy,11098.338575543426,Model signals Buy (conf: 0.49) & sentiment is ok (0.00).
2024-01-02,183.73130798339844,Buy,0.48698756098747253,0.0,Buy,10701.166789107472,Model signals Buy (conf: 0.49) & sentiment is ok (0.00).
2024-01-03,182.3555908203125,Buy,0.48698756098747253,0.0,Buy,10621.04011402741,Model signals Buy (conf: 0.49) & sentiment is ok (0.00).
2024-01-04,180.03965759277344,Buy,0.4869876801967621,0.0,Buy,10486.151901385007,Model signals Buy (conf: 0.49) & sentiment is ok (0.00).
2024-01-05,179.31715393066406,Buy,0.486987829208374,0.0,Buy,10444.070710765758,Model signals Buy (conf: 0.49) & sentiment is ok (0.00).
2024-01-08,183.65213012695312,Buy,0.486987829208374,0.0,Buy,10696.555188302333,Model signals Buy (conf: 0.49) & sentiment is ok (0.00).
2024-01-09,183.23643493652344,Buy,0.486987829208374,0.0,Buy,10672.343617530629,Model signals Buy (conf: 0.49) & sentiment is ok (0.00).
2024-01-10,184.275634765625,Buy,0.486987829208374,0.0,Buy,10732.870322644123,Model signals Buy (conf: 0.49) & sentiment is ok (0.00).
2024-01-11,183.68182373046875,Buy,0.486987829208374,0.0,Buy,10698.284649695048,Model signals Buy (conf: 0.49) & sentiment is ok (0.00).
2024-01-12,184.00843811035156,Buy,0.4869878888130188,0.0,Buy,10717.307836288608,Model signals Buy (conf: 0.49) & sentiment is ok (0.00).
2024-01-16,181.74197387695312,Buy,0.4869878888130188,0.0,Buy,10585.30087433232,Model signals Buy (conf: 0.49) & sentiment is ok (0.00).
2024-01-17,180.80174255371094,Buy,0.4869878888130188,0.0,Buy,10530.538448043671,Model signals Buy (conf: 0.49) & sentiment is ok (0.00).
2024-01-18,186.69056701660156,Buy,0.48698776960372925,0.0,Buy,10873.524591563986,Model signals Buy (conf: 0.49) & sentiment is ok (0.00).
2024-01-19,189.59042358398438,Buy,0.48698756098747253,0.0,Buy,11042.422582508763,Model signals Buy (conf: 0.49) & sentiment is ok (0.00).
2024-01-22,191.89646911621094,Buy,0.48698756098747253,0.0,Buy,11176.734900504465,Model signals Buy (conf: 0.49) & sentiment is ok (0.00).
2024-01-23,193.1732177734375,Buy,0.48698800802230835,0.0,Buy,11251.09729675968,Model signals Buy (conf: 0.49) & sentiment is ok (0.00).
2024-01-24,192.50018310546875,Buy,0.48698800802230835,0.0,Buy,11211.897356826548,Model signals Buy (conf: 0.49) & sentiment is ok (0.00).
2024-01-25,192.17359924316406,Buy,0.48698756098747253,0.0,Buy,11192.875947685601,Model signals Buy (conf: 0.49) & sentiment is ok (0.00).
2024-01-26,190.4416046142578,Buy,0.48698756098747253,0.0,Buy,11091.99840207188,Model signals Buy (conf: 0.49) & sentiment is ok (0.00).
2024-01-29,189.75869750976562,Buy,0.48698756098747253,0.0,Buy,11052.223456218353,Model signals Buy (conf: 0.49) & sentiment is ok (0.00).
2024-01-30,186.1066131591797,Buy,0.48698756098747253,0.0,Buy,10839.513035808997,Model signals Buy (conf: 0.49) & sentiment is ok (0.00).
2024-01-31,182.50404357910156,Buy,0.48698756098747253,0.0,Buy,10629.686532264679,Model signals Buy (conf: 0.49) & sentiment is ok (0.00).
2024-02-01,184.9387664794922,Buy,0.48698756098747253,0.0,Buy,10771.49347920425,Model signals Buy (conf: 0.49) & sentiment is ok (0.00).
2024-02-02,183.9391632080078,Buy,0.48698756098747253,0.0,Buy,10713.273018856476,Model signals Buy (conf: 0.49) & sentiment is ok (0.00).
2024-02-05,185.75030517578125,Buy,0.48698776960372925,0.0,Buy,10818.760387822724,Model signals Buy (conf: 0.49) & sentiment is ok (0.00).
2024-02-06,187.3536834716797,Buy,0.48698776960372925,0.0,Buy,10912.146859397804,Model signals Buy (conf: 0.49) & sentiment is ok (0.00).
2024-02-07,187.4625701904297,Buy,0.48698756098747253,0.0,Buy,10918.488810321964,Model signals Buy (conf: 0.49) & sentiment is ok (0.00).
2024-02-08,186.38377380371094,Buy,0.48698776960372925,0.0,Buy,10855.655860442748,Model signals Buy (conf: 0.49) & sentiment is ok (0.00).
2024-02-09,187.1468048095703,Buy,0.48698776960372925,0.0,Buy,10900.097508132423,Model signals Buy (conf: 0.49) & sentiment is ok (0.00).
2024-02-12,185.46212768554688,Buy,0.486987829208374,0.0,Buy,10801.975902795582,Model signals Buy (conf: 0.49) & sentiment is ok (0.00).
2024-02-13,183.3711700439453,Buy,0.48698776960372925,0.0,Buy,10680.191070818231,Model signals Buy (conf: 0.49) & sentiment is ok (0.00).
2024-02-14,182.48916625976562,Buy,0.48698776960372925,0.0,Buy,10628.820024115708,Model signals Buy (conf: 0.49) & sentiment is ok (0.00).
2024-02-15,182.2018280029297,Buy,0.48698776960372925,0.0,Buy,10612.084419035433,Model signals Buy (conf: 0.49) & sentiment is ok (0.00).
2024-02-16,180.665771484375,Buy,0.48698776960372925,0.0,Buy,10522.619007925232,Model signals Buy (conf: 0.49) & sentiment is ok (0.00).
2024-02-20,179.9225616455078,Buy,0.4869878888130188,0.0,Buy,10479.331815707877,Model signals Buy (conf: 0.49) & sentiment is ok (0.00).
2024-02-21,180.67568969726562,Buy,0.4869878888130188,0.0,Buy,10523.196680024546,Model signals Buy (conf: 0.49) & sentiment is ok (0.00).
2024-02-22,182.70721435546875,Buy,0.48698776960372925,0.0,Buy,10641.519923037547,Model signals Buy (conf: 0.49) & sentiment is ok (0.00).
2024-02-23,180.8739013671875,Buy,0.4869878888130188,0.0,Buy,10534.741234747757,Model signals Buy (conf: 0.49) & sentiment is ok (0.00).
2024-02-26,179.52618408203125,Buy,0.4869878888130188,0.0,Buy,10456.245372440375,Model signals Buy (conf: 0.49) & sentiment is ok (0.00).
2024-02-27,180.98291015625,Buy,0.4869878888130188,0.0,Buy,10541.09029548237,Model signals Buy (conf: 0.49) & sentiment is ok (0.00).
2024-02-28,179.7838134765625,Buy,0.4869878888130188,0.0,Buy,10471.250627401629,Model signals Buy (conf: 0.49) & sentiment is ok (0.00).
2024-02-29,179.11985778808594,Buy,0.4869878888130188,0.0,Buy,10432.579479620945,Model signals Buy (conf: 0.49) & sentiment is ok (0.00).
2024-03-01,178.0396728515625,Buy,0.4869878888130188,0.0,Buy,10369.665655647825,Model signals Buy (conf: 0.49) & sentiment is ok (0.00).
2024-03-04,173.52081298828125,Buy,0.4869878888130188,0.0,Buy,10106.47113738997,Model signals Buy (conf: 0.49) & sentiment is ok (0.00).
2024-03-05,168.5857391357422,Buy,0.4869878888130188,0.0,Buy,9819.034831665986,Model signals Buy (conf: 0.49) & sentiment is ok (0.00).
2024-03-06,167.59474182128906,Buy,0.4869878888130188,0.0,Buy,9761.315612955157,Model signals Buy (conf: 0.49) & sentiment is ok (0.00).
2024-03-07,167.47584533691406,Buy,0.4869878888130188,0.0,Buy,9754.390657573844,Model signals Buy (conf: 0.49) & sentiment is ok (0.00).
2024-03-08,169.1902313232422,Buy,0.4869878888130188,0.0,Buy,9854.242613029706,Model signals Buy (conf: 0.49) & sentiment is ok (0.00).
2024-03-11,171.19198608398438,Buy,0.4869878888130188,0.0,Buy,9970.83195101846,Model signals Buy (conf: 0.49) & sentiment is ok (0.00).
2024-03-12,171.6676788330078,Buy,0.4869878888130188,0.0,Buy,9998.537993627859,Model signals Buy (conf: 0.49) & sentiment is ok (0.00).
2024-03-13,169.58663940429688,Buy,0.48698800802230835,0.0,Buy,9877.330833749822,Model signals Buy (conf: 0.49) & sentiment is ok (0.00).
2024-03-14,171.4397430419922,Buy,0.48698800802230835,0.0,Buy,9985.26220005932,Model signals Buy (conf: 0.49) & sentiment is ok (0.00).
2024-03-15,171.0631866455078,Buy,0.48698800802230835,0.0,Buy,9963.330212264138,Model signals Buy (conf: 0.49) & sentiment is ok (0.00).
2024-03-18,172.1532440185547,Buy,0.48698800802230835,0.0,Buy,10026.819042157653,Model signals Buy (conf: 0.49) & sentiment is ok (0.00).
2024-03-19,174.49195861816406,Buy,0.4869879484176636,0.0,Buy,10163.034123175865,Model signals Buy (conf: 0.49) & sentiment is ok (0.00).
2024-03-20,177.05860900878906,Buy,0.48698776960372925,0.0,Buy,10312.524997762615,Model signals Buy (conf: 0.49) & sentiment is ok (0.00).
2024-03-21,169.82444763183594,Buy,0.48698776960372925,0.0,Buy,9891.181633238755,Model signals Buy (conf: 0.49) & sentiment is ok (0.00).
2024-03-22,170.72625732421875,Buy,0.48698776960372925,0.0,Buy,9943.706246687292,Model signals Buy (conf: 0.49) & sentiment is ok (0.00).
2024-03-25,169.30914306640625,Buy,0.48698776960372925,0.0,Buy,9861.168457137326,Model signals Buy (conf: 0.49) & sentiment is ok (0.00).
2024-03-26,168.179443359375,Buy,0.48698776960372925,0.0,Buy,9795.370716299169,Model signals Buy (conf: 0.49) & sentiment is ok (0.00).
2024-03-27,171.74696350097656,Buy,0.4869879484176636,0.0,Buy,10003.155815517144,Model signals Buy (conf: 0.49) & sentiment is ok (0.00).
2024-03-28,169.93344116210938,Buy,0.4869878888130188,0.0,Buy,9897.52980524706,Model signals Buy (conf: 0.49) & sentiment is ok (0.00).
2024-04-01,168.4965362548828,Buy,0.48698800802230835,0.0,Buy,9813.839337677387,Model signals Buy (conf: 0.49) & sentiment is ok (0.00).
2024-04-02,167.31727600097656,Buy,0.48698800802230835,0.0,Buy,9745.155013795274,Model signals Buy (conf: 0.49) & sentiment is ok (0.00).
2024-04-03,168.11996459960938,Buy,0.48698800802230835,0.0,Buy,9791.906461155899,Model signals Buy (conf: 0.49) & sentiment is ok (0.00).
2024-04-04,167.29745483398438,Buy,0.48698800802230835,0.0,Buy,9744.000558322952,Model signals Buy (conf: 0.49) & sentiment is ok (0.00).
2024-04-05,168.0506134033203,Buy,0.48698800802230835,0.0,Buy,9787.867200092236,Model signals Buy (conf: 0.49) & sentiment is ok (0.00).
2024-04-08,166.9307861328125,Buy,0.48698800802230835,0.0,Buy,9722.644465174473,Model signals Buy (conf: 0.49) & sentiment is ok (0.00).
2024-04-09,168.1397705078125,Buy,0.48698800802230835,0.0,Buy,9793.060027901915,Model signals Buy (conf: 0.49) & sentiment is ok (0.00).
2024-04-10,166.26683044433594,Buy,0.4869877099990845,0.0,Buy,9683.973317393788,Model signals Buy (conf: 0.49) & sentiment is ok (0.00).
2024-04-11,173.4613494873047,Buy,0.48698776960372925,0.0,Buy,10103.007770973007,Model signals Buy (conf: 0.49) & sentiment is ok (0.00).
2024-04-12,174.95774841308594,Buy,0.48698776960372925,0.0,Buy,10190.163382412258,Model signals Buy (conf: 0.49) & sentiment is ok (0.00).
2024-04-15,171.13255310058594,Buy,0.48698776960372925,0.0,Buy,9967.37036205411,Model signals Buy (conf: 0.49) & sentiment is ok (0.00).
2024-04-16,167.85238647460938,Buy,0.48698776960372925,0.0,Buy,9776.321756642717,Model signals Buy (conf: 0.49) & sentiment is ok (0.00).
2024-04-17,166.48483276367188,Buy,0.4869878888130188,0.0,Buy,9696.670550136707,Model signals Buy (conf: 0.49) & sentiment is ok (0.00).
2024-04-18,165.5334930419922,Buy,0.4869878888130188,0.0,Buy,9641.261131096828,Model signals Buy (conf: 0.49) & sentiment is ok (0.00).
2024-04-19,163.51190185546875,Buy,0.48698800802230835,0.0,Buy,9523.516448909446,Model signals Buy (conf: 0.49) & sentiment is ok (0.00).
2024-04-22,164.3443145751953,Buy,0.48698800802230835,0.0,Buy,9571.9991351154,Model signals Buy (conf: 0.49) & sentiment is ok (0.00).
2024-04-23,165.39479064941406,Buy,0.48698800802230835,0.0,Buy,9633.182608969499,Model signals Buy (conf: 0.49) & sentiment is ok (0.00).
2024-04-24,167.4956512451172,Buy,0.4869879484176636,0.0,Buy,9755.544224319858,Model signals Buy (conf: 0.49) & sentiment is ok (0.00).
2024-04-25,168.35781860351562,Buy,0.4869879484176636,0.0,Buy,9805.759926823752,Model signals Buy (conf: 0.49) & sentiment is ok (0.00).
2024-04-26,167.7731170654297,Buy,0.4869879484176636,0.0,Buy,9771.70482347974,Model signals Buy (conf: 0.49) & sentiment is ok (0.00).
2024-04-29,171.93524169921875,Buy,0.48698776960372925,0.0,Buy,10014.121809414733,Model signals Buy (conf: 0.49) & sentiment is ok (0.00).
2024-04-30,168.7938232421875,Buy,0.48698776960372925,0.0,Buy,9831.15439230959,Model signals Buy (conf: 0.49) & sentiment is ok (0.00).
2024-05-01,167.7731170654297,Buy,0.4869878888130188,0.0,Buy,9771.70482347974,Model signals Buy (conf: 0.49) & sentiment is ok (0.00).
2024-05-02,171.469482421875,Buy,0.48698776960372925,0.0,Buy,9986.994327630955,Model signals Buy (conf: 0.49) & sentiment is ok (0.00).
2024-05-03,181.7261199951172,Buy,0.48698800802230835,0.0,Buy,10584.377487699725,Model signals Buy (conf: 0.49) & sentiment is ok (0.00).
2024-05-06,180.07119750976562,Buy,0.48698800802230835,0.0,Buy,10487.988898660826,Model signals Buy (conf: 0.49) & sentiment is ok (0.00).
2024-05-07,180.7549591064453,Buy,0.48698800802230835,0.0,Buy,10527.813613187524,Model signals Buy (conf: 0.49) & sentiment is ok (0.00).
2024-05-08,181.0919189453125,Buy,0.48698800802230835,0.0,Buy,10547.439356216983,Model signals Buy (conf: 0.49) & sentiment is ok (0.00).
2024-05-09,182.90541076660156,Buy,0.4869881868362427,0.0,Buy,10653.063589034451,Model signals Buy (conf: 0.49) & sentiment is ok (0.00).
2024-05-10,181.64515686035156,Buy,0.48698776960372925,0.0,Buy,10579.661905916711,Model signals Buy (conf: 0.49) & sentiment is ok (0.00).
2024-05-13,184.85037231445312,Buy,0.48698776960372925,0.0,Buy,10766.345087709902,Model signals Buy (conf: 0.49) & sentiment is ok (0.00).
2024-05-14,185.99154663085938,Buy,0.48698800802230835,0.0,Buy,10832.811150730651,Model signals Buy (conf: 0.49) & sentiment is ok (0.00).
2024-05-15,188.26397705078125,Buy,0.48698800802230835,0.0,Buy,10965.165604672831,Model signals Buy (conf: 0.49) & sentiment is ok (0.00).
2024-05-16,188.383056640625,Buy,0.48698800802230835,0.0,Buy,10972.101224769825,Model signals Buy (conf: 0.49) & sentiment is ok (0.00).
2024-05-17,188.41282653808594,Buy,0.48698800802230835,0.0,Buy,10973.835129794074,Model signals Buy (conf: 0.49) & sentiment is ok (0.00).
2024-05-20,189.57382202148438,Buy,0.48698800802230835,0.0,Buy,11041.455648287143,Model signals Buy (conf: 0.49) & sentiment is ok (0.00).
2024-05-21,190.87379455566406,Buy,0.48698800802230835,0.0,Buy,11117.170685981058,Model signals Buy (conf: 0.49) & sentiment is ok (0.00).
2024-05-22,189.43490600585938,Buy,0.48698776960372925,0.0,Buy,11033.364683991522,Model signals Buy (conf: 0.49) & sentiment is ok (0.00).
2024-05-23,185.44578552246094,Buy,0.48698776960372925,0.0,Buy,10801.024076921174,Model signals Buy (conf: 0.49) & sentiment is ok (0.00).
2024-05-24,188.52195739746094,Buy,0.48698776960372925,0.0,Buy,10980.19130033914,Model signals Buy (conf: 0.49) & sentiment is ok (0.00).
2024-05-28,188.53189086914062,Buy,0.4869878888130188,0.0,Buy,10980.76986116476,Model signals Buy (conf: 0.49) & sentiment is ok (0.00).
2024-05-29,188.82957458496094,Buy,0.48698776960372925,0.0,Buy,10998.108022680935,Model signals Buy (conf: 0.49) & sentiment is ok (0.00).
2024-05-30,189.82191467285156,Buy,0.4869878888130188,0.0,Buy,11055.905449306749,Model signals Buy (conf: 0.49) & sentiment is ok (0.00).
2024-05-31,190.77455139160156,Buy,0.4869881272315979,0.0,Buy,11111.390410082693,Model signals Buy (conf: 0.49) & sentiment is ok (0.00).
2024-06-03,192.5408935546875,Buy,0.4869881272315979,0.0,Buy,11214.268478612654,Model signals Buy (conf: 0.49) & sentiment is ok (0.00).
2024-06-04,192.85842895507812,Buy,0.4869881272315979,0.0,Buy,11232.762873053765,Model signals Buy (conf: 0.49) & sentiment is ok (0.00).
2024-06-05,194.3667449951172,Buy,0.4869881272315979,0.0,Buy,11320.6125797385,Model signals Buy (conf: 0.49) & sentiment is ok (0.00).
2024-06-06,192.9874267578125,Buy,0.486987829208374,0.0,Buy,11240.276165250072,Model signals Buy (conf: 0.49) & sentiment is ok (0.00).
2024-06-07,195.3789520263672,Buy,0.4869881272315979,0.0,Buy,11379.567128015553,Model signals Buy (conf: 0.49) & sentiment is ok (0.00).
2024-06-10,191.63784790039062,Buy,0.4869881272315979,0.0,Buy,11161.67187833328,Model signals Buy (conf: 0.49) & sentiment is ok (0.00).
2024-06-11,205.5601806640625,Buy,0.4869881272315979,0.0,Buy,11972.558202676926,Model signals Buy (conf: 0.49) & sentiment is ok (0.00).
2024-06-12,211.4347686767578,Buy,0.4869880676269531,0.0,Buy,12314.715164553147,Model signals Buy (conf: 0.49) & sentiment is ok (0.00).
2024-06-13,212.5957794189453,Buy,0.4869880676269531,0.0,Buy,12382.336571772523,Model signals Buy (conf: 0.49) & sentiment is ok (0.00).
2024-06-14,210.85923767089844,Buy,0.4869880676269531,0.0,Buy,12281.194185719423,Model signals Buy (conf: 0.49) & sentiment is ok (0.00).
2024-06-17,215.0071258544922,Buy,0.4869880676269531,0.0,Buy,12522.781990010324,Model signals Buy (conf: 0.49) & sentiment is ok (0.00).
2024-06-18,212.6453857421875,Buy,0.48698827624320984,0.0,Buy,12385.225820995398,Model signals Buy (conf: 0.49) & sentiment is ok (0.00).
2024-06-20,208.07077026367188,Buy,0.48698824644088745,0.0,Buy,12118.783896813093,Model signals Buy (conf: 0.49) & sentiment is ok (0.00).
2024-06-21,205.89759826660156,Buy,0.48698827624320984,0.0,Buy,11992.210607495583,Model signals Buy (conf: 0.49) & sentiment is ok (0.00).
2024-06-24,206.54261779785156,Buy,0.48698827624320984,0.0,Buy,12029.778845929732,Model signals Buy (conf: 0.49) & sentiment is ok (0.00).
2024-06-25,207.46548461914062,Buy,0.4869881272315979,0.0,Buy,12083.529901681428,Model signals Buy (conf: 0.49) & sentiment is ok (0.00).
2024-06-26,211.61337280273438,Buy,0.48698824644088745,0.0,Buy,12325.11770597233,Model signals Buy (conf: 0.49) & sentiment is ok (0.00).
2024-06-27,212.4568634033203,Buy,0.48698827624320984,0.0,Buy,12374.245607476902,Model signals Buy (conf: 0.49) & sentiment is ok (0.00).
2024-06-28,209.00357055664062,Buy,0.48698824644088745,0.0,Buy,12173.11351339041,Model signals Buy (conf: 0.49) & sentiment is ok (0.00).
2024-07-01,215.08653259277344,Buy,0.48698827624320984,0.0,Buy,12527.406921710062,Model signals Buy (conf: 0.49) & sentiment is ok (0.00).
2024-07-02,218.5795135498047,Buy,0.48698824644088745,0.0,Buy,12730.850592920116,Model signals Buy (conf: 0.49) & sentiment is ok (0.00).
2024-07-03,219.84967041015625,Buy,0.48698776960372925,0.0,Buy,12804.829059410864,Model signals Buy (conf: 0.49) & sentiment is ok (0.00).
2024-07-05,224.60289001464844,Buy,0.4869879484176636,0.0,Buy,13081.673525012353,Model signals Buy (conf: 0.49) & sentiment is ok (0.00).
2024-07-08,226.07156372070312,Buy,0.48698776960372925,0.0,Buy,13167.214320752444,Model signals Buy (conf: 0.49) & sentiment is ok (0.00).
2024-07-09,226.92495727539062,Buy,0.4869879484176636,0.0,Buy,13216.919005630023,Model signals Buy (conf: 0.49) & sentiment is ok (0.00).
2024-07-10,231.1919403076172,Buy,0.48698776960372925,0.0,Buy,13465.443318744225,Model signals Buy (conf: 0.49) & sentiment is ok (0.00).
2024-07-11,225.823486328125,Buy,0.4869879484176636,0.0,Buy,13152.765408459145,Model signals Buy (conf: 0.49) & sentiment is ok (0.00).
2024-07-12,228.77069091796875,Buy,0.48698776960372925,0.0,Buy,13324.421117133415,Model signals Buy (conf: 0.49) & sentiment is ok (0.00).
2024-07-15,232.60105895996094,Buy,0.48698776960372925,0.0,Buy,13547.515415709515,Model signals Buy (conf: 0.49) & sentiment is ok (0.00).
2024-07-16,233.01783752441406,Buy,0.48698776960372925,0.0,Buy,13571.79008604899,Model signals Buy (conf: 0.49) & sentiment is ok (0.00).
2024-07-17,227.12342834472656,Buy,0.4869879484176636,0.0,Buy,13228.478668700447,Model signals Buy (conf: 0.49) & sentiment is ok (0.00).
2024-07-18,222.45950317382812,Buy,0.4869879484176636,0.0,Buy,12956.835029445398,Model signals Buy (conf: 0.49) & sentiment is ok (0.00).
2024-07-19,222.58847045898438,Buy,0.4869879484176636,0.0,Buy,12964.346544189091,Model signals Buy (conf: 0.49) & sentiment is ok (0.00).
2024-07-22,222.24119567871094,Buy,0.4869879484176636,0.0,Buy,12944.120022176347,Model signals Buy (conf: 0.49) & sentiment is ok (0.00).
2024-07-23,223.28314208984375,Buy,0.4869876801967621,0.0,Buy,13004.806698025035,Model signals Buy (conf: 0.49) & sentiment is ok (0.00).
2024-07-24,216.86279296875,Buy,0.4869876801967621,0.0,Buy,12630.862662339337,Model signals Buy (conf: 0.49) & sentiment is ok (0.00).
2024-07-25,215.8208465576172,Buy,0.4869876801967621,0.0,Buy,12570.175986490649,Model signals Buy (conf: 0.49) & sentiment is ok (0.00).
2024-07-26,216.2872314453125,Buy,0.4869876801967621,0.0,Buy,12597.339906053001,Model signals Buy (conf: 0.49) & sentiment is ok (0.00).
2024-07-29,216.56509399414062,Buy,0.48698776960372925,0.0,Buy,12613.523612096855,Model signals Buy (conf: 0.49) & sentiment is ok (0.00).
2024-07-30,217.1207733154297,Buy,0.48698776960372925,0.0,Buy,12645.888358005644,Model signals Buy (conf: 0.49) & sentiment is ok (0.00).
2024-07-31,220.37562561035156,Buy,0.48698750138282776,0.0,Buy,12835.462566474325,Model signals Buy (conf: 0.49) & sentiment is ok (0.00).
2024-08-01,216.68417358398438,Buy,0.48698750138282776,0.0,Buy,12620.459232193847,Model signals Buy (conf: 0.49) & sentiment is ok (0.00).
2024-08-02,218.1726531982422,Buy,0.48698750138282776,0.0,Buy,12707.153594679954,Model signals Buy (conf: 0.49) & sentiment is ok (0.00).
2024-08-05,207.66392517089844,Buy,0.48698776960372925,0.0,Buy,12095.087787299239,Model signals Buy (conf: 0.49) & sentiment is ok (0.00).
2024-08-06,205.6395721435547,Buy,0.48698776960372925,0.0,Buy,11977.182245650356,Model signals Buy (conf: 0.49) & sentiment is ok (0.00).
2024-08-07,208.209716796875,Buy,0.48698776960372925,0.0,Buy,12126.876638561327,Model signals Buy (conf: 0.49) & sentiment is ok (0.00).
2024-08-08,211.67291259765625,Buy,0.48698776960372925,0.0,Buy,12328.585516020827,Model signals Buy (conf: 0.49) & sentiment is ok (0.00).
2024-08-09,214.58042907714844,Buy,0.48698776960372925,0.0,Buy,12497.929647571535,Model signals Buy (conf: 0.49) & sentiment is ok (0.00).
2024-08-12,216.11041259765625,Buy,0.4869881272315979,0.0,Buy,12587.041345611693,Model signals Buy (conf: 0.49) & sentiment is ok (0.00).
2024-08-13,219.8259735107422,Buy,0.4869881272315979,0.0,Buy,12803.448867456658,Model signals Buy (conf: 0.49) & sentiment is ok (0.00).
2024-08-14,220.2730712890625,Buy,0.48698824644088745,0.0,Buy,12829.48943696742,Model signals Buy (conf: 0.49) & sentiment is ok (0.00).
2024-08-15,223.25344848632812,Buy,0.48698824644088745,0.0,Buy,13003.07723663232,Model signals Buy (conf: 0.49) & sentiment is ok (0.00).
2024-08-16,224.5747833251953,Buy,0.48698824644088745,0.0,Buy,13080.036491155528,Model signals Buy (conf: 0.49) & sentiment is ok (0.00).
2024-08-19,224.41583251953125,Buy,0.48698824644088745,0.0,Buy,13070.778629219292,Model signals Buy (conf: 0.49) & sentiment is ok (0.00).
2024-08-20,225.03176879882812,Buy,0.48698824644088745,0.0,Buy,13106.652955312991,Model signals Buy (conf: 0.49) & sentiment is ok (0.00).
2024-08-21,224.92250061035156,Buy,0.48698824644088745,0.0,Buy,13100.288786231165,Model signals Buy (conf: 0.49) & sentiment is ok (0.00).
2024-08-22,223.06471252441406,Buy,0.4869881272315979,0.0,Buy,12992.08458094553,Model signals Buy (conf: 0.49) & sentiment is ok (0.00).
2024-08-23,225.35964965820312,Buy,0.48698824644088745,0.0,Buy,13125.749906190002,Model signals Buy (conf: 0.49) & sentiment is ok (0.00).
2024-08-26,225.6973876953125,Buy,0.48698824644088745,0.0,Buy,13145.420974261098,Model signals Buy (conf: 0.49) & sentiment is ok (0.00).
2024-08-27,226.54183959960938,Buy,0.4869881272315979,0.0,Buy,13194.604865522988,Model signals Buy (conf: 0.49) & sentiment is ok (0.00).
2024-08-28,225.01193237304688,Buy,0.4869876801967621,0.0,Buy,13105.497611114362,Model signals Buy (conf: 0.49) & sentiment is ok (0.00).
2024-08-29,228.29039001464844,Buy,0.48698776960372925,0.0,Buy,13296.446679179411,Model signals Buy (conf: 0.49) & sentiment is ok (0.00).
2024-08-30,227.5055389404297,Buy,0.48698776960372925,0.0,Buy,13250.734152871244,Model signals Buy (conf: 0.49) & sentiment is ok (0.00).
2024-09-03,221.31619262695312,Buy,0.4869876801967621,0.0,Buy,12890.244544741721,Model signals Buy (conf: 0.49) & sentiment is ok (0.00).
2024-09-04,219.40872192382812,Buy,0.4869876801967621,0.0,Buy,12779.146646601675,Model signals Buy (conf: 0.49) & sentiment is ok (0.00).
2024-09-05,220.92874145507812,Buy,0.4869876801967621,0.0,Buy,12867.6780063636,Model signals Buy (conf: 0.49) & sentiment is ok (0.00).
2024-09-06,219.37893676757812,Buy,0.48698776960372925,0.0,Buy,12777.41185285112,Model signals Buy (conf: 0.49) & sentiment is ok (0.00).
2024-09-09,219.4683380126953,Buy,0.48698776960372925,0.0,Buy,12782.618900281706,Model signals Buy (conf: 0.49) & sentiment is ok (0.00).
2024-09-10,218.6735382080078,Buy,0.48698776960372925,0.0,Buy,12736.326924421612,Model signals Buy (conf: 0.49) & sentiment is ok (0.00).
2024-09-11,221.2069091796875,Buy,0.48698776960372925,0.0,Buy,12883.879486933589,Model signals Buy (conf: 0.49) & sentiment is ok (0.00).
2024-09-12,221.31619262695312,Buy,0.48698776960372925,0.0,Buy,12890.244544741721,Model signals Buy (conf: 0.49) & sentiment is ok (0.00).
2024-09-13,221.04794311523438,Buy,0.48698776960372925,0.0,Buy,12874.620736271047,Model signals Buy (conf: 0.49) & sentiment is ok (0.00).
2024-09-16,214.90829467773438,Buy,0.48698776960372925,0.0,Buy,12517.025709722238,Model signals Buy (conf: 0.49) & sentiment is ok (0.00).
2024-09-17,215.37522888183594,Buy,0.48698776960372925,0.0,Buy,12544.22162343163,Model signals Buy (conf: 0.49) & sentiment is ok (0.00).
2024-09-18,219.24978637695312,Buy,0.48698776960372925,0.0,Buy,12769.889673391748,Model signals Buy (conf: 0.49) & sentiment is ok (0.00).
2024-09-19,227.3763885498047,Buy,0.4869881272315979,0.0,Buy,13243.211973411871,Model signals Buy (conf: 0.49) & sentiment is ok (0.00).
2024-09-20,226.71075439453125,Buy,0.4869879484176636,0.0,Buy,13204.443065737456,Model signals Buy (conf: 0.49) & sentiment is ok (0.00).
2024-09-23,224.99205017089844,Buy,0.48698824644088745,0.0,Buy,13104.339600736816,Model signals Buy (conf: 0.49) & sentiment is ok (0.00).
2024-09-24,225.88616943359375,Buy,0.4869881272315979,0.0,Buy,13156.416296126808,Model signals Buy (conf: 0.49) & sentiment is ok (0.00).
2024-09-25,224.8927001953125,Buy,0.4869881272315979,0.0,Buy,13098.553103754304,Model signals Buy (conf: 0.49) & sentiment is ok (0.00).
2024-09-26,226.0352020263672,Buy,0.4869881272315979,0.0,Buy,13165.09648596373,Model signals Buy (conf: 0.49) & sentiment is ok (0.00).
2024-09-27,226.3034210205078,Buy,0.4869881272315979,0.0,Buy,13180.71851698179,Model signals Buy (conf: 0.49) & sentiment is ok (0.00).
2024-09-30,231.47946166992188,Buy,0.4869881272315979,0.0,Buy,13482.189588540181,Model signals Buy (conf: 0.49) & sentiment is ok (0.00).
2024-10-01,224.73374938964844,Buy,0.4869881272315979,0.0,Buy,13089.295241818068,Model signals Buy (conf: 0.49) & sentiment is ok (0.00).
2024-10-02,225.30003356933594,Buy,0.4869881272315979,0.0,Buy,13122.27765250997,Model signals Buy (conf: 0.49) & sentiment is ok (0.00).
2024-10-03,224.197265625,Buy,0.4869881272315979,0.0,Buy,13058.048513603027,Model signals Buy (conf: 0.49) & sentiment is ok (0.00).
2024-10-04,225.31988525390625,Buy,0.4869881272315979,0.0,Buy,13123.433885434906,Model signals Buy (conf: 0.49) & sentiment is ok (0.00).
2024-10-07,220.2432403564453,Buy,0.4869881868362427,0.0,Buy,12827.751977037946,Model signals Buy (conf: 0.49) & sentiment is ok (0.00).
2024-10-08,224.29661560058594,Buy,0.4869881868362427,0.0,Buy,13063.83501058554,Model signals Buy (conf: 0.49) & sentiment is ok (0.00).
2024-10-09,228.04197692871094,Buy,0.4869876801967621,0.0,Buy,13281.978214907365,Model signals Buy (conf: 0.49) & sentiment is ok (0.00).
2024-10-10,227.54525756835938,Buy,0.4869876801967621,0.0,Buy,13253.04750744742,Model signals Buy (conf: 0.49) & sentiment is ok (0.00).
2024-10-11,226.06500244140625,Buy,0.4869876801967621,0.0,Buy,13166.832168440591,Model signals Buy (conf: 0.49) & sentiment is ok (0.00).
2024-10-14,229.79054260253906,Buy,0.48698776960372925,0.0,Buy,13383.820917290095,Model signals Buy (conf: 0.49) & sentiment is ok (0.00).
2024-10-15,232.3238983154297,Buy,0.48698776960372925,0.0,Buy,13531.372591075764,Model signals Buy (conf: 0.49) & sentiment is ok (0.00).
2024-10-16,230.2673797607422,Buy,0.48698776960372925,0.0,Buy,13411.593614372492,Model signals Buy (conf: 0.49) & sentiment is ok (0.00).
2024-10-17,230.63497924804688,Buy,0.48698776960372925,0.0,Buy,13433.003919825678,Model signals Buy (conf: 0.49) & sentiment is ok (0.00).
2024-10-18,233.4663848876953,Buy,0.48698776960372925,0.0,Buy,13597.915084558883,Model signals Buy (conf: 0.49) & sentiment is ok (0.00).
2024-10-21,234.93670654296875,Buy,0.48698776960372925,0.0,Buy,13683.551862740092,Model signals Buy (conf: 0.49) & sentiment is ok (0.00).
2024-10-22,234.3207550048828,Buy,0.4869876801967621,0.0,Buy,13647.676647920087,Model signals Buy (conf: 0.49) & sentiment is ok (0.00).
2024-10-23,229.25405883789062,Buy,0.48698776960372925,0.0,Buy,13352.574189075054,Model signals Buy (conf: 0.49) & sentiment is ok (0.00).
2024-10-24,229.06529235839844,Buy,0.48698776960372925,0.0,Buy,13341.57975593565,Model signals Buy (conf: 0.49) & sentiment is ok (0.00).
2024-10-25,229.8998260498047,Buy,0.48698776960372925,0.0,Buy,13390.185975098228,Model signals Buy (conf: 0.49) & sentiment is ok (0.00).
2024-10-28,231.87680053710938,Buy,0.48698776960372925,0.0,Buy,13505.332021565002,Model signals Buy (conf: 0.49) & sentiment is ok (0.00).
2024-10-29,232.1450653076172,Buy,0.48698776960372925,0.0,Buy,13520.956718761981,Model signals Buy (conf: 0.49) & sentiment is ok (0.00).
2024-10-30,228.59837341308594,Buy,0.4869876801967621,0.0,Buy,13314.384730952566,Model signals Buy (conf: 0.49) & sentiment is ok (0.00).
2024-10-31,224.4357147216797,Buy,0.4869876801967621,0.0,Buy,13071.93663959684,Model signals Buy (conf: 0.49) & sentiment is ok (0.00).
2024-11-01,221.4552764892578,Buy,0.4869876801967621,0.0,Buy,12898.345285026715,Model signals Buy (conf: 0.49) & sentiment is ok (0.00).
2024-11-04,220.56114196777344,Buy,0.4869876801967621,0.0,Buy,12846.267700910415,Model signals Buy (conf: 0.49) & sentiment is ok (0.00).
2024-11-05,221.9917449951172,Buy,0.4869881868362427,0.0,Buy,12929.591124515448,Model signals Buy (conf: 0.49) & sentiment is ok (0.00).
2024-11-06,221.26651000976562,Buy,0.48698776960372925,0.0,Buy,12887.350851887311,Model signals Buy (conf: 0.49) & sentiment is ok (0.00).
2024-11-07,225.99545288085938,Buy,0.4869881868362427,0.0,Buy,13162.78135393494,Model signals Buy (conf: 0.49) & sentiment is ok (0.00).
2024-11-08,225.7269287109375,Buy,0.4869881868362427,0.0,Buy,13147.141548390748,Model signals Buy (conf: 0.49) & sentiment is ok (0.00).
2024-11-11,223.01173400878906,Buy,0.48698776960372925,0.0,Buy,12988.998923208886,Model signals Buy (conf: 0.49) & sentiment is ok (0.00).
2024-11-12,223.01173400878906,Buy,0.48698776960372925,0.0,Buy,12988.998923208886,Model signals Buy (conf: 0.49) & sentiment is ok (0.00).
2024-11-13,223.89691162109375,Buy,0.48698776960372925,0.0,Buy,13040.55482498319,Model signals Buy (conf: 0.49) & sentiment is ok (0.00).
2024-11-14,226.98007202148438,Buy,0.4869881868362427,0.0,Buy,13220.129085049595,Model signals Buy (conf: 0.49) & sentiment is ok (0.00).
2024-11-15,223.77757263183594,Buy,0.48698776960372925,0.0,Buy,13033.604096538986,Model signals Buy (conf: 0.49) & sentiment is ok (0.00).
2024-11-18,226.7811737060547,Buy,0.4869881868362427,0.0,Buy,13208.544537642585,Model signals Buy (conf: 0.49) & sentiment is ok (0.00).
2024-11-19,227.0397491455078,Buy,0.4869881868362427,0.0,Buy,13223.60489363485,Model signals Buy (conf: 0.49) & sentiment is ok (0.00).
2024-11-20,227.75584411621094,Buy,0.4869881868362427,0.0,Buy,13265.312819205314,Model signals Buy (conf: 0.49) & sentiment is ok (0.00).
2024-11-21,227.2784423828125,Buy,0.4869881868362427,0.0,Buy,13237.50723924957,Model signals Buy (conf: 0.49) & sentiment is ok (0.00).
2024-11-22,228.62110900878906,Buy,0.4869881868362427,0.0,Buy,13315.708933149455,Model signals Buy (conf: 0.49) & sentiment is ok (0.00).
2024-11-25,231.6048126220703,Buy,0.4869881272315979,0.0,Buy,13489.490475149201,Model signals Buy (conf: 0.49) & sentiment is ok (0.00).
2024-11-26,233.7829132080078,Buy,0.48698776960372925,0.0,Buy,13616.350823063754,Model signals Buy (conf: 0.49) & sentiment is ok (0.00).
2024-11-27,233.6536102294922,Buy,0.48698776960372925,0.0,Buy,13608.819756341316,Model signals Buy (conf: 0.49) & sentiment is ok (0.00).
2024-11-29,236.0405731201172,Buy,0.48698776960372925,0.0,Buy,13747.844989941113,Model signals Buy (conf: 0.49) & sentiment is ok (0.00).
2024-12-02,238.28829956054688,Buy,0.4869879484176636,0.0,Buy,13878.76059599285,Model signals Buy (conf: 0.49) & sentiment is ok (0.00).
2024-12-03,241.3316650390625,Buy,0.48698776960372925,0.0,Buy,14056.017057851546,Model signals Buy (conf: 0.49) & sentiment is ok (0.00).
2024-12-04,241.68971252441406,Buy,0.48698776960372925,0.0,Buy,14076.871020636776,Model signals Buy (conf: 0.49) & sentiment is ok (0.00).
2024-12-05,241.7195587158203,Buy,0.48698776960372925,0.0,Buy,14078.609369292557,Model signals Buy (conf: 0.49) & sentiment is ok (0.00).
2024-12-06,241.52064514160156,Buy,0.48698776960372925,0.0,Buy,14067.023933159242,Model signals Buy (conf: 0.49) & sentiment is ok (0.00).
2024-12-09,245.40939331054688,Buy,0.48698776960372925,0.0,Buy,14293.518498584532,Model signals Buy (conf: 0.49) & sentiment is ok (0.00).
2024-12-10,246.42385864257812,Buy,0.48698776960372925,0.0,Buy,14352.604578354969,Model signals Buy (conf: 0.49) & sentiment is ok (0.00).
2024-12-11,245.1508026123047,Buy,0.48698776960372925,0.0,Buy,14278.45725386596,Model signals Buy (conf: 0.49) & sentiment is ok (0.00).
2024-12-12,246.61282348632812,Buy,0.48698776960372925,0.0,Buy,14363.610564936358,Model signals Buy (conf: 0.49) & sentiment is ok (0.00).
2024-12-13,246.7819061279297,Buy,0.48698776960372925,0.0,Buy,14373.458541140199,Model signals Buy (conf: 0.49) & sentiment is ok (0.00).
2024-12-16,249.67608642578125,Buy,0.48698776960372925,0.0,Buy,14542.025925898908,Model signals Buy (conf: 0.49) & sentiment is ok (0.00).
2024-12-17,252.1028289794922,Buy,0.48698776960372925,0.0,Buy,14683.368068980108,Model signals Buy (conf: 0.49) & sentiment is ok (0.00).
2024-12-18,246.7023468017578,Buy,0.48698776960372925,0.0,Buy,14368.824722177395,Model signals Buy (conf: 0.49) & sentiment is ok (0.00).
2024-12-19,248.43287658691406,Buy,0.48698776960372925,0.0,Buy,14469.61695006568,Model signals Buy (conf: 0.49) & sentiment is ok (0.00).
2024-12-20,253.1073455810547,Buy,0.4869877099990845,0.0,Buy,14741.874699198615,Model signals Buy (conf: 0.49) & sentiment is ok (0.00).
2024-12-23,253.88311767578125,Buy,0.4869878888130188,0.0,Buy,14787.058433354334,Model signals Buy (conf: 0.49) & sentiment is ok (0.00).
2024-12-24,256.79718017578125,Buy,0.4869877099990845,0.0,Buy,14956.78382849059,Model signals Buy (conf: 0.49) & sentiment is ok (0.00).
2024-12-26,257.61273193359375,Buy,0.48698756098747253,0.0,Buy,15004.28447212771,Model signals Buy (conf: 0.49) & sentiment is ok (0.00).
2024-12-27,254.2013702392578,Buy,0.4869877099990845,0.0,Buy,14805.594597931857,Model signals Buy (conf: 0.49) & sentiment is ok (0.00).
